"id","xi","Tei","n.rec","start","stop","status"
1,1,20.75,8,0,6.30559736972097,1
1,1,20.75,8,6.30559736972097,12.0677552507443,1
1,1,20.75,8,12.0677552507443,13.5727090399632,1
1,1,20.75,8,13.5727090399632,14.2298904298102,1
1,1,20.75,8,14.2298904298102,16.9137722758902,1
1,1,20.75,8,16.9137722758902,17.5113561433227,1
1,1,20.75,8,17.5113561433227,18.4590543094094,1
1,1,20.75,8,18.4590543094094,18.8970241864861,1
1,1,20.75,8,18.8970241864861,20.75,0
2,1,19.75,8,0,2.59726357625054,1
2,1,19.75,8,2.59726357625054,3.72624525260565,1
2,1,19.75,8,3.72624525260565,11.9861214122507,1
2,1,19.75,8,11.9861214122507,14.9900100185627,1
2,1,19.75,8,14.9900100185627,17.6719207678708,1
2,1,19.75,8,17.6719207678708,17.9798096370499,1
2,1,19.75,8,17.9798096370499,19.4493661571814,1
2,1,19.75,8,19.4493661571814,19.5396684885568,1
2,1,19.75,8,19.5396684885568,19.75,0
3,1,14.75,6,0,9.08132121506468,1
3,1,14.75,6,9.08132121506468,9.21931422657338,1
3,1,14.75,6,9.21931422657338,9.23889398761957,1
3,1,14.75,6,9.23889398761957,11.9692596798253,1
3,1,14.75,6,11.9692596798253,13.0953530890321,1
3,1,14.75,6,13.0953530890321,13.5694916500733,1
3,1,14.75,6,13.5694916500733,14.75,0
4,1,19.75,3,0,3.03807924698451,1
4,1,19.75,3,3.03807924698451,4.72301330417387,1
4,1,19.75,3,4.72301330417387,14.963495381298,1
4,1,19.75,3,14.963495381298,19.75,0
5,1,18.75,2,0,12.2144349936511,1
5,1,18.75,2,12.2144349936511,12.8492015239119,1
5,1,18.75,2,12.8492015239119,18.75,0
6,1,17.75,0,0,17.75,0
7,1,15.75,2,0,10.8857439858963,1
7,1,15.75,2,10.8857439858963,13.5820689569709,1
7,1,15.75,2,13.5820689569709,15.75,0
8,1,19.75,1,0,5.41626268149349,1
8,1,19.75,1,5.41626268149349,19.75,0
9,1,18.75,1,0,6.8995303186285,1
9,1,18.75,1,6.8995303186285,18.75,0
10,1,19.75,2,0,19.2332270945639,1
10,1,19.75,2,19.2332270945639,19.4705479653327,1
10,1,19.75,2,19.4705479653327,19.75,0
11,1,19.75,9,0,3.55275642329051,1
11,1,19.75,9,3.55275642329051,16.6490964827462,1
11,1,19.75,9,16.6490964827462,17.2124445467285,1
11,1,19.75,9,17.2124445467285,17.5960896963762,1
11,1,19.75,9,17.5960896963762,17.7615086495507,1
11,1,19.75,9,17.7615086495507,18.0449796823856,1
11,1,19.75,9,18.0449796823856,18.3799571420445,1
11,1,19.75,9,18.3799571420445,19.0856720672134,1
11,1,19.75,9,19.0856720672134,19.7079159451531,1
11,1,19.75,9,19.7079159451531,19.75,0
12,1,18.75,8,0,0.771427467545581,1
12,1,18.75,8,0.771427467545581,4.82844372607929,1
12,1,18.75,8,4.82844372607929,6.84325979991812,1
12,1,18.75,8,6.84325979991812,7.97677078551391,1
12,1,18.75,8,7.97677078551391,17.2609923559719,1
12,1,18.75,8,17.2609923559719,17.3549797886453,1
12,1,18.75,8,17.3549797886453,18.1531823050653,1
12,1,18.75,8,18.1531823050653,18.6502840218549,1
12,1,18.75,8,18.6502840218549,18.75,0
13,1,19.75,5,0,2.97057707118736,1
13,1,19.75,5,2.97057707118736,12.977046782993,1
13,1,19.75,5,12.977046782993,14.7763636829237,1
13,1,19.75,5,14.7763636829237,14.8211453146238,1
13,1,19.75,5,14.8211453146238,18.3122428884271,1
13,1,19.75,5,18.3122428884271,19.75,0
14,1,15.75,0,0,15.75,0
15,1,13.75,9,0,2.92824667127704,1
15,1,13.75,9,2.92824667127704,5.12203391408725,1
15,1,13.75,9,5.12203391408725,5.1878447603138,1
15,1,13.75,9,5.1878447603138,5.94045180775615,1
15,1,13.75,9,5.94045180775615,7.48966148238416,1
15,1,13.75,9,7.48966148238416,7.93193924094027,1
15,1,13.75,9,7.93193924094027,9.8939273878595,1
15,1,13.75,9,9.8939273878595,12.1487706129188,1
15,1,13.75,9,12.1487706129188,12.7270072131111,1
15,1,13.75,9,12.7270072131111,13.75,0
16,1,18.75,4,0,7.93619333784472,1
16,1,18.75,4,7.93619333784472,12.3679247308964,1
16,1,18.75,4,12.3679247308964,16.254384311852,1
16,1,18.75,4,16.254384311852,17.1696489157125,1
16,1,18.75,4,17.1696489157125,18.75,0
17,1,19.75,3,0,14.3734116349317,1
17,1,19.75,3,14.3734116349317,14.9197365074363,1
17,1,19.75,3,14.9197365074363,16.1028171390403,1
17,1,19.75,3,16.1028171390403,19.75,0
18,1,18.75,4,0,0.249305604627602,1
18,1,18.75,4,0.249305604627602,8.54929424438052,1
18,1,18.75,4,8.54929424438052,12.2700680996674,1
18,1,18.75,4,12.2700680996674,14.0948642447516,1
18,1,18.75,4,14.0948642447516,18.75,0
19,1,19.75,4,0,4.42999071046306,1
19,1,19.75,4,4.42999071046306,9.68057083865749,1
19,1,19.75,4,9.68057083865749,10.4134959383134,1
19,1,19.75,4,10.4134959383134,12.3023621659142,1
19,1,19.75,4,12.3023621659142,19.75,0
20,1,19.75,0,0,19.75,0
21,1,18.75,2,0,7.94519548831578,1
21,1,18.75,2,7.94519548831578,15.1820433087799,1
21,1,18.75,2,15.1820433087799,18.75,0
22,1,19.75,0,0,19.75,0
23,1,14.75,2,0,4.9061478068792,1
23,1,14.75,2,4.9061478068792,8.17365513080274,1
23,1,14.75,2,8.17365513080274,14.75,0
24,1,19.75,2,0,11.3008144501443,1
24,1,19.75,2,11.3008144501443,16.679638470189,1
24,1,19.75,2,16.679638470189,19.75,0
25,1,19.75,4,0,3.07794395094096,1
25,1,19.75,4,3.07794395094096,12.6123099219138,1
25,1,19.75,4,12.6123099219138,14.9256238520956,1
25,1,19.75,4,14.9256238520956,18.8138580073213,1
25,1,19.75,4,18.8138580073213,19.75,0
26,1,13.75,1,0,13.5237735365255,1
26,1,13.75,1,13.5237735365255,13.75,0
27,1,18.75,3,0,12.4796508311863,1
27,1,18.75,3,12.4796508311863,14.1096317473266,1
27,1,18.75,3,14.1096317473266,18.0743032084023,1
27,1,18.75,3,18.0743032084023,18.75,0
28,1,19.75,0,0,19.75,0
29,1,14.75,1,0,13.4325857827797,1
29,1,14.75,1,13.4325857827797,14.75,0
30,1,17.75,1,0,14.1652876221183,1
30,1,17.75,1,14.1652876221183,17.75,0
31,1,19.75,1,0,10.3208767499316,1
31,1,19.75,1,10.3208767499316,19.75,0
32,1,18.75,5,0,5.81244005884531,1
32,1,18.75,5,5.81244005884531,7.60384649094913,1
32,1,18.75,5,7.60384649094913,7.78048337486153,1
32,1,18.75,5,7.78048337486153,10.0028159088108,1
32,1,18.75,5,10.0028159088108,15.616200048163,1
32,1,18.75,5,15.616200048163,18.75,0
33,1,18.75,2,0,6.19829437913905,1
33,1,18.75,2,6.19829437913905,12.9770191072606,1
33,1,18.75,2,12.9770191072606,18.75,0
34,1,19.75,3,0,4.85254587693387,1
34,1,19.75,3,4.85254587693387,8.86804993648556,1
34,1,19.75,3,8.86804993648556,9.0461139506775,1
34,1,19.75,3,9.0461139506775,19.75,0
35,1,19.75,0,0,19.75,0
36,1,17.75,1,0,12.938620701105,1
36,1,17.75,1,12.938620701105,17.75,0
37,1,19.75,1,0,13.1395748687119,1
37,1,19.75,1,13.1395748687119,19.75,0
38,1,19.75,10,0,6.67650788736859,1
38,1,19.75,10,6.67650788736859,8.12243074818737,1
38,1,19.75,10,8.12243074818737,9.39362567041041,1
38,1,19.75,10,9.39362567041041,11.5593634072973,1
38,1,19.75,10,11.5593634072973,12.9572038014011,1
38,1,19.75,10,12.9572038014011,13.7772473861134,1
38,1,19.75,10,13.7772473861134,14.6000664886097,1
38,1,19.75,10,14.6000664886097,15.5068227103089,1
38,1,19.75,10,15.5068227103089,15.5233895367452,1
38,1,19.75,10,15.5233895367452,18.0899838281702,1
38,1,19.75,10,18.0899838281702,19.75,0
39,1,19.75,9,0,5.26095125803583,1
39,1,19.75,9,5.26095125803583,6.23913516949237,1
39,1,19.75,9,6.23913516949237,6.77479121770244,1
39,1,19.75,9,6.77479121770244,10.1141951108624,1
39,1,19.75,9,10.1141951108624,14.4345986583371,1
39,1,19.75,9,14.4345986583371,14.5143268788032,1
39,1,19.75,9,14.5143268788032,15.556406988374,1
39,1,19.75,9,15.556406988374,16.5141821066339,1
39,1,19.75,9,16.5141821066339,17.6284194888863,1
39,1,19.75,9,17.6284194888863,19.75,0
40,1,13.75,1,0,6.65319838586461,1
40,1,13.75,1,6.65319838586461,13.75,0
41,1,19.75,6,0,5.80894216554274,1
41,1,19.75,6,5.80894216554274,7.69670163388814,1
41,1,19.75,6,7.69670163388814,14.0047077693149,1
41,1,19.75,6,14.0047077693149,14.3680474990071,1
41,1,19.75,6,14.3680474990071,16.2239896693793,1
41,1,19.75,6,16.2239896693793,17.9587876333134,1
41,1,19.75,6,17.9587876333134,19.75,0
42,1,18.75,0,0,18.75,0
43,1,14.75,1,0,12.1098856144984,1
43,1,14.75,1,12.1098856144984,14.75,0
44,1,14.75,0,0,14.75,0
45,1,19.75,9,0,6.46511204918498,1
45,1,19.75,9,6.46511204918498,6.78944955166397,1
45,1,19.75,9,6.78944955166397,8.14205467911616,1
45,1,19.75,9,8.14205467911616,11.2195561362269,1
45,1,19.75,9,11.2195561362269,12.3976541105813,1
45,1,19.75,9,12.3976541105813,14.1415033327673,1
45,1,19.75,9,14.1415033327673,16.5239393538686,1
45,1,19.75,9,16.5239393538686,18.6169376550794,1
45,1,19.75,9,18.6169376550794,18.869892765778,1
45,1,19.75,9,18.869892765778,19.75,0
46,1,18.75,15,0,4.51376881178162,1
46,1,18.75,15,4.51376881178162,5.89306626369779,1
46,1,18.75,15,5.89306626369779,6.85361111133649,1
46,1,18.75,15,6.85361111133649,7.09264364178934,1
46,1,18.75,15,7.09264364178934,9.13703483715764,1
46,1,18.75,15,9.13703483715764,10.2850249892444,1
46,1,18.75,15,10.2850249892444,11.7049215920532,1
46,1,18.75,15,11.7049215920532,11.8795963189239,1
46,1,18.75,15,11.8795963189239,14.0313096153704,1
46,1,18.75,15,14.0313096153704,15.3013942107337,1
46,1,18.75,15,15.3013942107337,15.5238720733526,1
46,1,18.75,15,15.5238720733526,17.2815081531553,1
46,1,18.75,15,17.2815081531553,17.4017739761097,1
46,1,18.75,15,17.4017739761097,17.5651295074928,1
46,1,18.75,15,17.5651295074928,17.6061146262458,1
46,1,18.75,15,17.6061146262458,18.75,0
47,1,20.75,8,0,10.7424896464151,1
47,1,20.75,8,10.7424896464151,11.3603746138717,1
47,1,20.75,8,11.3603746138717,11.4759204219225,1
47,1,20.75,8,11.4759204219225,13.0810052672643,1
47,1,20.75,8,13.0810052672643,15.7939139025306,1
47,1,20.75,8,15.7939139025306,16.6918905686241,1
47,1,20.75,8,16.6918905686241,18.3235521625788,1
47,1,20.75,8,18.3235521625788,18.3620605667166,1
47,1,20.75,8,18.3620605667166,20.75,0
48,1,20.75,4,0,11.7440388364313,1
48,1,20.75,4,11.7440388364313,11.7971035832887,1
48,1,20.75,4,11.7971035832887,16.4995481104369,1
48,1,20.75,4,16.4995481104369,16.9538366106263,1
48,1,20.75,4,16.9538366106263,20.75,0
49,1,14.75,3,0,1.19295922431386,1
49,1,14.75,3,1.19295922431386,9.15669743375939,1
49,1,14.75,3,9.15669743375939,9.59131874623634,1
49,1,14.75,3,9.59131874623634,14.75,0
50,1,15.75,7,0,5.08592537515553,1
50,1,15.75,7,5.08592537515553,6.34071201390442,1
50,1,15.75,7,6.34071201390442,7.46345858935807,1
50,1,15.75,7,7.46345858935807,9.11843938490715,1
50,1,15.75,7,9.11843938490715,10.0426724200235,1
50,1,15.75,7,10.0426724200235,13.0074409609035,1
50,1,15.75,7,13.0074409609035,13.1659458289321,1
50,1,15.75,7,13.1659458289321,15.75,0
51,1,20.75,2,0,7.51062393248219,1
51,1,20.75,2,7.51062393248219,19.5083558939601,1
51,1,20.75,2,19.5083558939601,20.75,0
52,1,20.75,3,0,9.57807878309508,1
52,1,20.75,3,9.57807878309508,15.2178884872674,1
52,1,20.75,3,15.2178884872674,19.4423569698886,1
52,1,20.75,3,19.4423569698886,20.75,0
53,1,15.75,2,0,9.93056661872227,1
53,1,15.75,2,9.93056661872227,11.6069196544316,1
53,1,15.75,2,11.6069196544316,15.75,0
54,1,20.75,13,0,4.46655002441154,1
54,1,20.75,13,4.46655002441154,4.98824131965163,1
54,1,20.75,13,4.98824131965163,5.02431874164746,1
54,1,20.75,13,5.02431874164746,8.26683440021094,1
54,1,20.75,13,8.26683440021094,8.97728251327721,1
54,1,20.75,13,8.97728251327721,9.15795534942759,1
54,1,20.75,13,9.15795534942759,12.3322777805542,1
54,1,20.75,13,12.3322777805542,12.4968261731408,1
54,1,20.75,13,12.4968261731408,12.5231792158296,1
54,1,20.75,13,12.5231792158296,14.5798838627359,1
54,1,20.75,13,14.5798838627359,18.9485495517571,1
54,1,20.75,13,18.9485495517571,19.1460755919801,1
54,1,20.75,13,19.1460755919801,19.8250721615262,1
54,1,20.75,13,19.8250721615262,20.75,0
55,1,20.75,3,0,8.21303055590135,1
55,1,20.75,3,8.21303055590135,8.45439741654761,1
55,1,20.75,3,8.45439741654761,19.2196595618993,1
55,1,20.75,3,19.2196595618993,20.75,0
56,1,20.75,26,0,4.1138359438441,1
56,1,20.75,26,4.1138359438441,4.78499635023088,1
56,1,20.75,26,4.78499635023088,5.07500607207033,1
56,1,20.75,26,5.07500607207033,6.50317133682248,1
56,1,20.75,26,6.50317133682248,6.51677401466522,1
56,1,20.75,26,6.51677401466522,7.11464392230453,1
56,1,20.75,26,7.11464392230453,7.25112289436557,1
56,1,20.75,26,7.25112289436557,9.51632778303745,1
56,1,20.75,26,9.51632778303745,9.54773606204565,1
56,1,20.75,26,9.54773606204565,10.3853414186752,1
56,1,20.75,26,10.3853414186752,11.9728195709818,1
56,1,20.75,26,11.9728195709818,14.7050678325257,1
56,1,20.75,26,14.7050678325257,14.7145215299099,1
56,1,20.75,26,14.7145215299099,14.8035161387309,1
56,1,20.75,26,14.8035161387309,14.8885005270419,1
56,1,20.75,26,14.8885005270419,14.9840885804053,1
56,1,20.75,26,14.9840885804053,15.4275139424722,1
56,1,20.75,26,15.4275139424722,15.6630066407413,1
56,1,20.75,26,15.6630066407413,16.6609145520559,1
56,1,20.75,26,16.6609145520559,18.3416339315998,1
56,1,20.75,26,18.3416339315998,18.6095071962905,1
56,1,20.75,26,18.6095071962905,19.4469838441605,1
56,1,20.75,26,19.4469838441605,19.7878942785847,1
56,1,20.75,26,19.7878942785847,19.8876388804319,1
56,1,20.75,26,19.8876388804319,19.92388250609,1
56,1,20.75,26,19.92388250609,20.5850188244761,1
56,1,20.75,26,20.5850188244761,20.75,0
57,1,19.75,0,0,19.75,0
58,1,20.75,9,0,3.74822023488497,1
58,1,20.75,9,3.74822023488497,8.15744310497514,1
58,1,20.75,9,8.15744310497514,9.13476162439175,1
58,1,20.75,9,9.13476162439175,10.3088470284187,1
58,1,20.75,9,10.3088470284187,13.5646561305116,1
58,1,20.75,9,13.5646561305116,14.7559260271245,1
58,1,20.75,9,14.7559260271245,17.8601829821472,1
58,1,20.75,9,17.8601829821472,18.9411447316791,1
58,1,20.75,9,18.9411447316791,19.833832660237,1
58,1,20.75,9,19.833832660237,20.75,0
59,1,20.75,0,0,20.75,0
60,1,19.75,10,0,7.02653254179299,1
60,1,19.75,10,7.02653254179299,7.991254104891,1
60,1,19.75,10,7.991254104891,9.81607574569814,1
60,1,19.75,10,9.81607574569814,12.3348080997945,1
60,1,19.75,10,12.3348080997945,12.8255340302661,1
60,1,19.75,10,12.8255340302661,14.7937813611741,1
60,1,19.75,10,14.7937813611741,16.2278499736199,1
60,1,19.75,10,16.2278499736199,17.2563896555012,1
60,1,19.75,10,17.2563896555012,17.8471432446362,1
60,1,19.75,10,17.8471432446362,18.2134060433091,1
60,1,19.75,10,18.2134060433091,19.75,0
61,1,19.75,9,0,7.56574687889674,1
61,1,19.75,9,7.56574687889674,8.4197935903284,1
61,1,19.75,9,8.4197935903284,10.0427300437238,1
61,1,19.75,9,10.0427300437238,10.6789004548261,1
61,1,19.75,9,10.6789004548261,11.6703744736839,1
61,1,19.75,9,11.6703744736839,11.7930848188973,1
61,1,19.75,9,11.7930848188973,14.4538270949042,1
61,1,19.75,9,14.4538270949042,17.6191550579386,1
61,1,19.75,9,17.6191550579386,18.0742999300374,1
61,1,19.75,9,18.0742999300374,19.75,0
62,1,13.75,0,0,13.75,0
63,1,19.75,12,0,4.77795521084575,1
63,1,19.75,12,4.77795521084575,7.51017337283792,1
63,1,19.75,12,7.51017337283792,7.79014662087743,1
63,1,19.75,12,7.79014662087743,9.11249832809326,1
63,1,19.75,12,9.11249832809326,11.2875876699673,1
63,1,19.75,12,11.2875876699673,14.1839825936141,1
63,1,19.75,12,14.1839825936141,15.0736501368517,1
63,1,19.75,12,15.0736501368517,17.0703131867948,1
63,1,19.75,12,17.0703131867948,18.1639316908459,1
63,1,19.75,12,18.1639316908459,18.6883529760186,1
63,1,19.75,12,18.6883529760186,19.0505778222058,1
63,1,19.75,12,19.0505778222058,19.2396294958691,1
63,1,19.75,12,19.2396294958691,19.75,0
64,1,18.75,6,0,3.96056541121637,1
64,1,18.75,6,3.96056541121637,6.55366532617191,1
64,1,18.75,6,6.55366532617191,6.91862499213896,1
64,1,18.75,6,6.91862499213896,8.48616408051743,1
64,1,18.75,6,8.48616408051743,17.2913670946676,1
64,1,18.75,6,17.2913670946676,18.2000039276522,1
64,1,18.75,6,18.2000039276522,18.75,0
65,1,18.75,29,0,2.79973127571928,1
65,1,18.75,29,2.79973127571928,6.52738393380623,1
65,1,18.75,29,6.52738393380623,6.54045844272502,1
65,1,18.75,29,6.54045844272502,7.17398167883829,1
65,1,18.75,29,7.17398167883829,7.32635960553484,1
65,1,18.75,29,7.32635960553484,7.51646988405948,1
65,1,18.75,29,7.51646988405948,8.10561051062024,1
65,1,18.75,29,8.10561051062024,8.69693815561655,1
65,1,18.75,29,8.69693815561655,9.1766282932249,1
65,1,18.75,29,9.1766282932249,9.23116690025663,1
65,1,18.75,29,9.23116690025663,13.2630126308711,1
65,1,18.75,29,13.2630126308711,13.2912424423591,1
65,1,18.75,29,13.2912424423591,13.3210791724324,1
65,1,18.75,29,13.3210791724324,13.5689229515254,1
65,1,18.75,29,13.5689229515254,13.8969067859581,1
65,1,18.75,29,13.8969067859581,14.0994140398783,1
65,1,18.75,29,14.0994140398783,14.3144771758388,1
65,1,18.75,29,14.3144771758388,14.767511502023,1
65,1,18.75,29,14.767511502023,14.9262041419364,1
65,1,18.75,29,14.9262041419364,15.0907864868012,1
65,1,18.75,29,15.0907864868012,16.5345964956814,1
65,1,18.75,29,16.5345964956814,16.7469988565507,1
65,1,18.75,29,16.7469988565507,17.0793688578254,1
65,1,18.75,29,17.0793688578254,17.3278165118081,1
65,1,18.75,29,17.3278165118081,17.3707911742845,1
65,1,18.75,29,17.3707911742845,17.7183595811293,1
65,1,18.75,29,17.7183595811293,17.8559803334637,1
65,1,18.75,29,17.8559803334637,18.1190809605746,1
65,1,18.75,29,18.1190809605746,18.416418313329,1
65,1,18.75,29,18.416418313329,18.75,0
66,1,17.75,1,0,17.6299840922611,1
66,1,17.75,1,17.6299840922611,17.75,0
67,1,18.75,13,0,7.50961047908855,1
67,1,18.75,13,7.50961047908855,7.83690243790879,1
67,1,18.75,13,7.83690243790879,9.03122681121406,1
67,1,18.75,13,9.03122681121406,10.8766494961792,1
67,1,18.75,13,10.8766494961792,11.8366092361172,1
67,1,18.75,13,11.8366092361172,14.1881798561272,1
67,1,18.75,13,14.1881798561272,15.4236476261232,1
67,1,18.75,13,15.4236476261232,15.5736536229776,1
67,1,18.75,13,15.5736536229776,17.1395223810678,1
67,1,18.75,13,17.1395223810678,17.7328303404915,1
67,1,18.75,13,17.7328303404915,17.746631725737,1
67,1,18.75,13,17.746631725737,17.9629472767896,1
67,1,18.75,13,17.9629472767896,18.340723711919,1
67,1,18.75,13,18.340723711919,18.75,0
68,1,18.75,3,0,6.19853026748098,1
68,1,18.75,3,6.19853026748098,8.20661754546916,1
68,1,18.75,3,8.20661754546916,9.38135055596666,1
68,1,18.75,3,9.38135055596666,18.75,0
69,1,18.75,0,0,18.75,0
70,1,18.75,1,0,10.8761182560793,1
70,1,18.75,1,10.8761182560793,18.75,0
71,1,18.75,5,0,2.15202923936039,1
71,1,18.75,5,2.15202923936039,7.45701123187664,1
71,1,18.75,5,7.45701123187664,11.7297312910215,1
71,1,18.75,5,11.7297312910215,12.7573390596651,1
71,1,18.75,5,12.7573390596651,14.0511879714481,1
71,1,18.75,5,14.0511879714481,18.75,0
72,1,13.75,1,0,6.00285647111222,1
72,1,13.75,1,6.00285647111222,13.75,0
73,1,18.75,0,0,18.75,0
74,1,19.75,42,0,0.31411266962016,1
74,1,19.75,42,0.31411266962016,1.95121869361108,1
74,1,19.75,42,1.95121869361108,2.11481365097888,1
74,1,19.75,42,2.11481365097888,2.13749673914945,1
74,1,19.75,42,2.13749673914945,2.31689802499144,1
74,1,19.75,42,2.31689802499144,2.71611355039519,1
74,1,19.75,42,2.71611355039519,3.38809101929349,1
74,1,19.75,42,3.38809101929349,3.41017059086647,1
74,1,19.75,42,3.41017059086647,5.60732094704335,1
74,1,19.75,42,5.60732094704335,6.22168016422541,1
74,1,19.75,42,6.22168016422541,6.71465233196226,1
74,1,19.75,42,6.71465233196226,6.88320374326413,1
74,1,19.75,42,6.88320374326413,7.58537374648273,1
74,1,19.75,42,7.58537374648273,7.72034854888516,1
74,1,19.75,42,7.72034854888516,10.5227904745436,1
74,1,19.75,42,10.5227904745436,10.8539641152552,1
74,1,19.75,42,10.8539641152552,11.0932968414357,1
74,1,19.75,42,11.0932968414357,11.1390278312197,1
74,1,19.75,42,11.1390278312197,11.2625215717779,1
74,1,19.75,42,11.2625215717779,11.5526378976901,1
74,1,19.75,42,11.5526378976901,12.6228161040107,1
74,1,19.75,42,12.6228161040107,13.4426925483174,1
74,1,19.75,42,13.4426925483174,13.5445173185552,1
74,1,19.75,42,13.5445173185552,13.9079271320048,1
74,1,19.75,42,13.9079271320048,13.9322984822618,1
74,1,19.75,42,13.9322984822618,14.4036557180549,1
74,1,19.75,42,14.4036557180549,14.6989921803403,1
74,1,19.75,42,14.6989921803403,15.4510755508816,1
74,1,19.75,42,15.4510755508816,15.5150132119516,1
74,1,19.75,42,15.5150132119516,15.7057120957016,1
74,1,19.75,42,15.7057120957016,15.8835125693689,1
74,1,19.75,42,15.8835125693689,16.1557803080172,1
74,1,19.75,42,16.1557803080172,16.3450829820545,1
74,1,19.75,42,16.3450829820545,16.3546845345368,1
74,1,19.75,42,16.3546845345368,16.4871271412577,1
74,1,19.75,42,16.4871271412577,16.7828926001585,1
74,1,19.75,42,16.7828926001585,16.8547762785238,1
74,1,19.75,42,16.8547762785238,16.9337138442853,1
74,1,19.75,42,16.9337138442853,17.3163842673738,1
74,1,19.75,42,17.3163842673738,17.3780409092243,1
74,1,19.75,42,17.3780409092243,18.7874955594947,1
74,1,19.75,42,18.7874955594947,19.2389241079052,1
74,1,19.75,42,19.2389241079052,19.75,0
75,1,17.75,3,0,9.27497767352205,1
75,1,17.75,3,9.27497767352205,13.0010621056365,1
75,1,17.75,3,13.0010621056365,13.5968305817472,1
75,1,17.75,3,13.5968305817472,17.75,0
76,1,18.75,0,0,18.75,0
77,1,17.75,1,0,8.02122991026386,1
77,1,17.75,1,8.02122991026386,17.75,0
78,1,17.75,4,0,6.40327471166949,1
78,1,17.75,4,6.40327471166949,8.48042349531124,1
78,1,17.75,4,8.48042349531124,8.68393615189171,1
78,1,17.75,4,8.68393615189171,14.410120459813,1
78,1,17.75,4,14.410120459813,17.75,0
79,1,15.75,1,0,11.3888848952119,1
79,1,15.75,1,11.3888848952119,15.75,0
80,1,17.75,1,0,14.1113671651739,1
80,1,17.75,1,14.1113671651739,17.75,0
81,1,18.75,3,0,13.7252279384627,1
81,1,18.75,3,13.7252279384627,13.8796382198469,1
81,1,18.75,3,13.8796382198469,17.6253491810432,1
81,1,18.75,3,17.6253491810432,18.75,0
82,1,18.75,3,0,10.8851916923613,1
82,1,18.75,3,10.8851916923613,15.4860822573093,1
82,1,18.75,3,15.4860822573093,15.9078032855898,1
82,1,18.75,3,15.9078032855898,18.75,0
83,1,18.75,1,0,18.2931501511133,1
83,1,18.75,1,18.2931501511133,18.75,0
84,1,18.75,2,0,3.48777180127126,1
84,1,18.75,2,3.48777180127126,13.2210054841717,1
84,1,18.75,2,13.2210054841717,18.75,0
85,1,18.75,6,0,4.68327896975986,1
85,1,18.75,6,4.68327896975986,5.75180742102057,1
85,1,18.75,6,5.75180742102057,8.40121196816058,1
85,1,18.75,6,8.40121196816058,13.8201908218451,1
85,1,18.75,6,13.8201908218451,15.027333760549,1
85,1,18.75,6,15.027333760549,16.4617015312863,1
85,1,18.75,6,16.4617015312863,18.75,0
86,1,13.75,2,0,3.44530271645306,1
86,1,13.75,2,3.44530271645306,10.4239165382022,1
86,1,13.75,2,10.4239165382022,13.75,0
87,1,17.75,2,0,3.11314185168543,1
87,1,17.75,2,3.11314185168543,9.96993708348373,1
87,1,17.75,2,9.96993708348373,17.75,0
88,1,14.75,9,0,3.70349667528257,1
88,1,14.75,9,3.70349667528257,6.53282258585552,1
88,1,14.75,9,6.53282258585552,6.88750514444007,1
88,1,14.75,9,6.88750514444007,7.95737384651747,1
88,1,14.75,9,7.95737384651747,10.0821863976931,1
88,1,14.75,9,10.0821863976931,11.7721093250932,1
88,1,14.75,9,11.7721093250932,12.9207620868832,1
88,1,14.75,9,12.9207620868832,14.3882243975829,1
88,1,14.75,9,14.3882243975829,14.4624116191782,1
88,1,14.75,9,14.4624116191782,14.75,0
89,1,19.75,0,0,19.75,0
90,1,12.75,4,0,1.68086158183684,1
90,1,12.75,4,1.68086158183684,6.71195124105751,1
90,1,12.75,4,6.71195124105751,7.79431009467671,1
90,1,12.75,4,7.79431009467671,8.93220689294629,1
90,1,12.75,4,8.93220689294629,12.75,0
91,1,17.75,4,0,4.02073318144922,1
91,1,17.75,4,4.02073318144922,8.48249327314457,1
91,1,17.75,4,8.48249327314457,16.3232998074223,1
91,1,17.75,4,16.3232998074223,17.5719673265458,1
91,1,17.75,4,17.5719673265458,17.75,0
92,1,18.75,3,0,2.10399064553856,1
92,1,18.75,3,2.10399064553856,5.93707715517243,1
92,1,18.75,3,5.93707715517243,16.1303388184355,1
92,1,18.75,3,16.1303388184355,18.75,0
93,1,17.75,7,0,5.6195197643899,1
93,1,17.75,7,5.6195197643899,8.52392734181389,1
93,1,17.75,7,8.52392734181389,9.30618704517865,1
93,1,17.75,7,9.30618704517865,10.675389828985,1
93,1,17.75,7,10.675389828985,12.2486074848371,1
93,1,17.75,7,12.2486074848371,13.147431543218,1
93,1,17.75,7,13.147431543218,16.6072752055959,1
93,1,17.75,7,16.6072752055959,17.75,0
94,1,17.75,0,0,17.75,0
95,1,13.75,1,0,10.7690689205429,1
95,1,13.75,1,10.7690689205429,13.75,0
96,1,19.75,11,0,4.69322497755918,1
96,1,19.75,11,4.69322497755918,9.91389887753511,1
96,1,19.75,11,9.91389887753511,10.0792235104457,1
96,1,19.75,11,10.0792235104457,13.4355068828202,1
96,1,19.75,11,13.4355068828202,14.2166134155687,1
96,1,19.75,11,14.2166134155687,14.5677749133858,1
96,1,19.75,11,14.5677749133858,15.3015218607354,1
96,1,19.75,11,15.3015218607354,15.9629787790249,1
96,1,19.75,11,15.9629787790249,17.9061934398579,1
96,1,19.75,11,17.9061934398579,18.8655950722942,1
96,1,19.75,11,18.8655950722942,19.0751207309711,1
96,1,19.75,11,19.0751207309711,19.75,0
97,1,19.75,2,0,13.8171439121167,1
97,1,19.75,2,13.8171439121167,18.2890514849218,1
97,1,19.75,2,18.2890514849218,19.75,0
98,1,13.75,2,0,3.53406460056154,1
98,1,13.75,2,3.53406460056154,12.6557432466781,1
98,1,13.75,2,12.6557432466781,13.75,0
99,1,19.75,1,0,19.4817774377884,1
99,1,19.75,1,19.4817774377884,19.75,0
100,1,18.75,13,0,1.26193744352975,1
100,1,18.75,13,1.26193744352975,3.6782786354302,1
100,1,18.75,13,3.6782786354302,6.22476738151203,1
100,1,18.75,13,6.22476738151203,8.89914837416741,1
100,1,18.75,13,8.89914837416741,9.39196862802318,1
100,1,18.75,13,9.39196862802318,10.2686174658553,1
100,1,18.75,13,10.2686174658553,12.3088277584587,1
100,1,18.75,13,12.3088277584587,12.4396018248886,1
100,1,18.75,13,12.4396018248886,12.8438446836555,1
100,1,18.75,13,12.8438446836555,14.4660070168838,1
100,1,18.75,13,14.4660070168838,14.5892626631439,1
100,1,18.75,13,14.5892626631439,17.2116332029768,1
100,1,18.75,13,17.2116332029768,18.1074247708079,1
100,1,18.75,13,18.1074247708079,18.75,0
101,1,18.75,0,0,18.75,0
102,1,17.75,1,0,5.56242361802814,1
102,1,17.75,1,5.56242361802814,17.75,0
103,1,17.75,12,0,3.22280326401866,1
103,1,17.75,12,3.22280326401866,3.65209239271349,1
103,1,17.75,12,3.65209239271349,3.83460460758855,1
103,1,17.75,12,3.83460460758855,9.97764518586034,1
103,1,17.75,12,9.97764518586034,10.0566319036499,1
103,1,17.75,12,10.0566319036499,11.5510918833777,1
103,1,17.75,12,11.5510918833777,12.4385100061566,1
103,1,17.75,12,12.4385100061566,13.4030681265175,1
103,1,17.75,12,13.4030681265175,13.9288245029077,1
103,1,17.75,12,13.9288245029077,15.567863885517,1
103,1,17.75,12,15.567863885517,17.3465607456453,1
103,1,17.75,12,17.3465607456453,17.4179335796345,1
103,1,17.75,12,17.4179335796345,17.75,0
104,1,20.75,3,0,11.2821730075736,1
104,1,20.75,3,11.2821730075736,19.8558775449142,1
104,1,20.75,3,19.8558775449142,20.5645906834175,1
104,1,20.75,3,20.5645906834175,20.75,0
105,1,17.75,11,0,2.54904604951129,1
105,1,17.75,11,2.54904604951129,11.9514665370262,1
105,1,17.75,11,11.9514665370262,12.100589248409,1
105,1,17.75,11,12.100589248409,12.3096648751689,1
105,1,17.75,11,12.3096648751689,12.8003219316164,1
105,1,17.75,11,12.8003219316164,13.1499053841712,1
105,1,17.75,11,13.1499053841712,13.1934726329036,1
105,1,17.75,11,13.1934726329036,13.3431655689779,1
105,1,17.75,11,13.3431655689779,14.4944949206951,1
105,1,17.75,11,14.4944949206951,15.533119632521,1
105,1,17.75,11,15.533119632521,16.297691854853,1
105,1,17.75,11,16.297691854853,17.75,0
106,1,17.75,2,0,10.7441498581893,1
106,1,17.75,2,10.7441498581893,17.6540155771441,1
106,1,17.75,2,17.6540155771441,17.75,0
107,1,18.75,1,0,2.08491915731406,1
107,1,18.75,1,2.08491915731406,18.75,0
108,1,17.75,0,0,17.75,0
109,1,18.75,5,0,8.89112350541977,1
109,1,18.75,5,8.89112350541977,14.5308721057941,1
109,1,18.75,5,14.5308721057941,14.6318578421379,1
109,1,18.75,5,14.6318578421379,16.6078880773555,1
109,1,18.75,5,16.6078880773555,18.2493610518952,1
109,1,18.75,5,18.2493610518952,18.75,0
110,1,18.75,7,0,7.66331137537957,1
110,1,18.75,7,7.66331137537957,7.89966239663188,1
110,1,18.75,7,7.89966239663188,11.611878794183,1
110,1,18.75,7,11.611878794183,14.1295637277764,1
110,1,18.75,7,14.1295637277764,14.1919473103907,1
110,1,18.75,7,14.1919473103907,18.0163750568176,1
110,1,18.75,7,18.0163750568176,18.6222654383927,1
110,1,18.75,7,18.6222654383927,18.75,0
111,1,18.75,15,0,2.38937626477748,1
111,1,18.75,15,2.38937626477748,3.09041430751553,1
111,1,18.75,15,3.09041430751553,5.03874052100705,1
111,1,18.75,15,5.03874052100705,5.76836860994646,1
111,1,18.75,15,5.76836860994646,5.95533922799793,1
111,1,18.75,15,5.95533922799793,8.60697690590927,1
111,1,18.75,15,8.60697690590927,9.13839829873566,1
111,1,18.75,15,9.13839829873566,9.35675344315189,1
111,1,18.75,15,9.35675344315189,9.4847039332485,1
111,1,18.75,15,9.4847039332485,9.75814777975784,1
111,1,18.75,15,9.75814777975784,12.0367572944531,1
111,1,18.75,15,12.0367572944531,13.1384424657271,1
111,1,18.75,15,13.1384424657271,14.3454251068985,1
111,1,18.75,15,14.3454251068985,16.4011548835595,1
111,1,18.75,15,16.4011548835595,16.8445146830745,1
111,1,18.75,15,16.8445146830745,18.75,0
112,1,18.75,5,0,12.4285938678994,1
112,1,18.75,5,12.4285938678994,12.5915126261582,1
112,1,18.75,5,12.5915126261582,13.1413999672756,1
112,1,18.75,5,13.1413999672756,17.3566304230028,1
112,1,18.75,5,17.3566304230028,18.508741017108,1
112,1,18.75,5,18.508741017108,18.75,0
113,1,18.75,0,0,18.75,0
114,1,18.75,1,0,9.22886749355664,1
114,1,18.75,1,9.22886749355664,18.75,0
115,1,13.75,13,0,4.28302490124267,1
115,1,13.75,13,4.28302490124267,4.4180772342527,1
115,1,13.75,13,4.4180772342527,5.59088815018489,1
115,1,13.75,13,5.59088815018489,6.61319748351927,1
115,1,13.75,13,6.61319748351927,7.51303268322221,1
115,1,13.75,13,7.51303268322221,8.24206495773267,1
115,1,13.75,13,8.24206495773267,8.7715942352868,1
115,1,13.75,13,8.7715942352868,11.3471647599102,1
115,1,13.75,13,11.3471647599102,11.7672925595219,1
115,1,13.75,13,11.7672925595219,12.4147522133544,1
115,1,13.75,13,12.4147522133544,13.3070622158896,1
115,1,13.75,13,13.3070622158896,13.3521382239264,1
115,1,13.75,13,13.3521382239264,13.5085098180811,1
115,1,13.75,13,13.5085098180811,13.75,0
116,1,18.75,3,0,13.265191524198,1
116,1,18.75,3,13.265191524198,13.6098568174505,1
116,1,18.75,3,13.6098568174505,13.669192298495,1
116,1,18.75,3,13.669192298495,18.75,0
117,1,12.75,1,0,11.2391666316424,1
117,1,12.75,1,11.2391666316424,12.75,0
118,1,17.75,0,0,17.75,0
119,1,13.75,4,0,5.60185210594749,1
119,1,13.75,4,5.60185210594749,7.20858219142001,1
119,1,13.75,4,7.20858219142001,8.43706970337501,1
119,1,13.75,4,8.43706970337501,11.6261350802245,1
119,1,13.75,4,11.6261350802245,13.75,0
120,1,17.75,0,0,17.75,0
121,1,19.75,4,0,2.65771454030602,1
121,1,19.75,4,2.65771454030602,3.86209150360876,1
121,1,19.75,4,3.86209150360876,10.2525177269446,1
121,1,19.75,4,10.2525177269446,18.782560846349,1
121,1,19.75,4,18.782560846349,19.75,0
122,1,20.75,5,0,9.73191687376807,1
122,1,20.75,5,9.73191687376807,12.6901594215694,1
122,1,20.75,5,12.6901594215694,16.8472375138576,1
122,1,20.75,5,16.8472375138576,17.0964305208371,1
122,1,20.75,5,17.0964305208371,17.7078956019171,1
122,1,20.75,5,17.7078956019171,20.75,0
123,1,20.75,8,0,6.73562580362722,1
123,1,20.75,8,6.73562580362722,7.77334668473217,1
123,1,20.75,8,7.77334668473217,13.2063493168801,1
123,1,20.75,8,13.2063493168801,16.8869972487352,1
123,1,20.75,8,16.8869972487352,18.2014282103978,1
123,1,20.75,8,18.2014282103978,19.0530725738162,1
123,1,20.75,8,19.0530725738162,20.0923789343562,1
123,1,20.75,8,20.0923789343562,20.0971524451847,1
123,1,20.75,8,20.0971524451847,20.75,0
124,1,19.75,11,0,2.28878203070015,1
124,1,19.75,11,2.28878203070015,2.45922637835724,1
124,1,19.75,11,2.45922637835724,2.8141819306914,1
124,1,19.75,11,2.8141819306914,9.29709656032834,1
124,1,19.75,11,9.29709656032834,9.78323267814516,1
124,1,19.75,11,9.78323267814516,10.0303783792129,1
124,1,19.75,11,10.0303783792129,11.848764046561,1
124,1,19.75,11,11.848764046561,14.9789441711726,1
124,1,19.75,11,14.9789441711726,15.281443269826,1
124,1,19.75,11,15.281443269826,17.6764363420432,1
124,1,19.75,11,17.6764363420432,18.8675314254909,1
124,1,19.75,11,18.8675314254909,19.75,0
125,1,20.75,2,0,14.5847318548931,1
125,1,20.75,2,14.5847318548931,19.7589311862154,1
125,1,20.75,2,19.7589311862154,20.75,0
126,1,14.75,4,0,11.3222467536177,1
126,1,14.75,4,11.3222467536177,13.9356143227044,1
126,1,14.75,4,13.9356143227044,14.0800230511281,1
126,1,14.75,4,14.0800230511281,14.4968583245604,1
126,1,14.75,4,14.4968583245604,14.75,0
127,1,19.75,2,0,14.6378542294261,1
127,1,19.75,2,14.6378542294261,14.9961735623119,1
127,1,19.75,2,14.9961735623119,19.75,0
128,1,17.75,3,0,7.87814639785426,1
128,1,17.75,3,7.87814639785426,8.31724490478091,1
128,1,17.75,3,8.31724490478091,13.86767007775,1
128,1,17.75,3,13.86767007775,17.75,0
129,1,14.75,0,0,14.75,0
130,1,19.75,2,0,12.0079335569933,1
130,1,19.75,2,12.0079335569933,17.3605123418382,1
130,1,19.75,2,17.3605123418382,19.75,0
131,1,20.75,9,0,11.685879369379,1
131,1,20.75,9,11.685879369379,12.7866554116195,1
131,1,20.75,9,12.7866554116195,13.1616468925724,1
131,1,20.75,9,13.1616468925724,16.4846517389622,1
131,1,20.75,9,16.4846517389622,18.6459984895945,1
131,1,20.75,9,18.6459984895945,18.93033686988,1
131,1,20.75,9,18.93033686988,19.6040079130727,1
131,1,20.75,9,19.6040079130727,19.989269205472,1
131,1,20.75,9,19.989269205472,20.6005916535588,1
131,1,20.75,9,20.6005916535588,20.75,0
132,1,18.75,1,0,12.4347939574061,1
132,1,18.75,1,12.4347939574061,18.75,0
133,1,19.75,1,0,13.9151797999608,1
133,1,19.75,1,13.9151797999608,19.75,0
134,1,15.75,2,0,3.90845740484226,1
134,1,15.75,2,3.90845740484226,6.97294464560002,1
134,1,15.75,2,6.97294464560002,15.75,0
135,1,19.75,2,0,11.2107730349951,1
135,1,19.75,2,11.2107730349951,17.9192031412264,1
135,1,19.75,2,17.9192031412264,19.75,0
136,1,19.75,1,0,16.0172910797842,1
136,1,19.75,1,16.0172910797842,19.75,0
137,1,19.75,10,0,6.95671190568832,1
137,1,19.75,10,6.95671190568832,9.5100551099997,1
137,1,19.75,10,9.5100551099997,11.7052829933226,1
137,1,19.75,10,11.7052829933226,14.358956191033,1
137,1,19.75,10,14.358956191033,14.9807263859579,1
137,1,19.75,10,14.9807263859579,15.0087799713599,1
137,1,19.75,10,15.0087799713599,15.4424316392775,1
137,1,19.75,10,15.4424316392775,16.6162181013029,1
137,1,19.75,10,16.6162181013029,17.6759481867763,1
137,1,19.75,10,17.6759481867763,17.8267865921541,1
137,1,19.75,10,17.8267865921541,19.75,0
138,1,14.75,0,0,14.75,0
139,1,18.75,1,0,14.9246182661548,1
139,1,18.75,1,14.9246182661548,18.75,0
140,1,18.75,5,0,3.41289305473799,1
140,1,18.75,5,3.41289305473799,5.31279294967331,1
140,1,18.75,5,5.31279294967331,6.72512595282367,1
140,1,18.75,5,6.72512595282367,9.53255496560412,1
140,1,18.75,5,9.53255496560412,13.5441930315404,1
140,1,18.75,5,13.5441930315404,18.75,0
141,1,18.75,3,0,13.8734289604893,1
141,1,18.75,3,13.8734289604893,18.1629018951399,1
141,1,18.75,3,18.1629018951399,18.6985092015068,1
141,1,18.75,3,18.6985092015068,18.75,0
142,1,19.75,2,0,18.3246231534067,1
142,1,19.75,2,18.3246231534067,19.1408363295896,1
142,1,19.75,2,19.1408363295896,19.75,0
143,1,18.75,1,0,12.3607722152343,1
143,1,18.75,1,12.3607722152343,18.75,0
144,1,18.75,2,0,9.268622420408,1
144,1,18.75,2,9.268622420408,18.3708836206219,1
144,1,18.75,2,18.3708836206219,18.75,0
145,1,13.75,5,0,7.40515240459049,1
145,1,13.75,5,7.40515240459049,7.99108508204335,1
145,1,13.75,5,7.99108508204335,8.6005157337365,1
145,1,13.75,5,8.6005157337365,11.4303277513999,1
145,1,13.75,5,11.4303277513999,13.444678955997,1
145,1,13.75,5,13.444678955997,13.75,0
146,1,19.75,16,0,7.04269677535242,1
146,1,19.75,16,7.04269677535242,9.31234886387612,1
146,1,19.75,16,9.31234886387612,9.89451039542358,1
146,1,19.75,16,9.89451039542358,11.4716267167204,1
146,1,19.75,16,11.4716267167204,13.2690900840144,1
146,1,19.75,16,13.2690900840144,14.6211875334105,1
146,1,19.75,16,14.6211875334105,14.7951470454872,1
146,1,19.75,16,14.7951470454872,15.6692575639146,1
146,1,19.75,16,15.6692575639146,15.8431807012575,1
146,1,19.75,16,15.8431807012575,16.1451083379635,1
146,1,19.75,16,16.1451083379635,17.0575366757701,1
146,1,19.75,16,17.0575366757701,17.6591681177853,1
146,1,19.75,16,17.6591681177853,17.7989401787089,1
146,1,19.75,16,17.7989401787089,18.0453789552838,1
146,1,19.75,16,18.0453789552838,19.280680760977,1
146,1,19.75,16,19.280680760977,19.3507459586709,1
146,1,19.75,16,19.3507459586709,19.75,0
147,1,18.75,3,0,13.1764746584409,1
147,1,18.75,3,13.1764746584409,14.5490501571094,1
147,1,18.75,3,14.5490501571094,18.1504960016098,1
147,1,18.75,3,18.1504960016098,18.75,0
148,1,19.75,10,0,0.997120756988623,1
148,1,19.75,10,0.997120756988623,4.89179801825066,1
148,1,19.75,10,4.89179801825066,10.7937780702216,1
148,1,19.75,10,10.7937780702216,13.9833724131947,1
148,1,19.75,10,13.9833724131947,15.1948536221462,1
148,1,19.75,10,15.1948536221462,15.5881729179323,1
148,1,19.75,10,15.5881729179323,16.9390804991286,1
148,1,19.75,10,16.9390804991286,17.3228421258201,1
148,1,19.75,10,17.3228421258201,18.2853375726941,1
148,1,19.75,10,18.2853375726941,18.8141371106005,1
148,1,19.75,10,18.8141371106005,19.75,0
149,1,18.75,6,0,8.59328862542309,1
149,1,18.75,6,8.59328862542309,10.5331687697015,1
149,1,18.75,6,10.5331687697015,10.6792839746726,1
149,1,18.75,6,10.6792839746726,11.2826411589619,1
149,1,18.75,6,11.2826411589619,12.1659918190331,1
149,1,18.75,6,12.1659918190331,17.8424321689234,1
149,1,18.75,6,17.8424321689234,18.75,0
150,1,18.75,2,0,9.10408217826716,1
150,1,18.75,2,9.10408217826716,15.6939491160201,1
150,1,18.75,2,15.6939491160201,18.75,0
151,1,14.75,0,0,14.75,0
152,1,8.75,0,0,8.75,0
153,1,7.75,2,0,1.13237947464309,1
153,1,7.75,2,1.13237947464309,1.53488687758967,1
153,1,7.75,2,1.53488687758967,7.75,0
154,1,11.75,3,0,8.68035799064478,1
154,1,11.75,3,8.68035799064478,11.5314788831451,1
154,1,11.75,3,11.5314788831451,11.6030577781543,1
154,1,11.75,3,11.6030577781543,11.75,0
155,1,7.75,0,0,7.75,0
156,1,7.75,0,0,7.75,0
157,1,7.75,0,0,7.75,0
158,1,7.75,0,0,7.75,0
159,1,10.75,8,0,3.0585533975343,1
159,1,10.75,8,3.0585533975343,3.97767426443373,1
159,1,10.75,8,3.97767426443373,6.14311877569685,1
159,1,10.75,8,6.14311877569685,6.84893710765286,1
159,1,10.75,8,6.84893710765286,7.60368422938279,1
159,1,10.75,8,7.60368422938279,8.06181127678123,1
159,1,10.75,8,8.06181127678123,9.55462950349063,1
159,1,10.75,8,9.55462950349063,10.6772755614449,1
159,1,10.75,8,10.6772755614449,10.75,0
160,1,7.75,0,0,7.75,0
161,1,8.75,0,0,8.75,0
162,1,7.75,0,0,7.75,0
163,1,8.75,0,0,8.75,0
164,1,7.75,2,0,2.50274207581421,1
164,1,7.75,2,2.50274207581421,7.20854939278699,1
164,1,7.75,2,7.20854939278699,7.75,0
165,1,7.75,0,0,7.75,0
166,1,8.75,3,0,4.9060241192829,1
166,1,8.75,3,4.9060241192829,5.49486935482234,1
166,1,8.75,3,5.49486935482234,6.62963196927586,1
166,1,8.75,3,6.62963196927586,8.75,0
167,1,9.75,1,0,6.22739154904318,1
167,1,9.75,1,6.22739154904318,9.75,0
168,1,8.75,1,0,6.9432682865207,1
168,1,8.75,1,6.9432682865207,8.75,0
169,1,7.75,0,0,7.75,0
170,1,18.75,0,0,18.75,0
171,1,7.75,4,0,3.90614403218841,1
171,1,7.75,4,3.90614403218841,5.74400773787086,1
171,1,7.75,4,5.74400773787086,7.05721308090206,1
171,1,7.75,4,7.05721308090206,7.21623411035716,1
171,1,7.75,4,7.21623411035716,7.75,0
172,1,8.75,0,0,8.75,0
173,1,7.75,0,0,7.75,0
174,1,7.75,0,0,7.75,0
175,1,8.75,2,0,2.15630784633713,1
175,1,8.75,2,2.15630784633713,4.71572213907776,1
175,1,8.75,2,4.71572213907776,8.75,0
176,1,7.75,0,0,7.75,0
177,1,7.75,0,0,7.75,0
178,1,7.75,1,0,2.07847706665688,1
178,1,7.75,1,2.07847706665688,7.75,0
179,1,7.75,2,0,2.50832833114687,1
179,1,7.75,2,2.50832833114687,3.82967856788394,1
179,1,7.75,2,3.82967856788394,7.75,0
180,1,8.75,0,0,8.75,0
181,1,7.75,1,0,3.29692213070004,1
181,1,7.75,1,3.29692213070004,7.75,0
182,1,12.75,1,0,5.51403487974985,1
182,1,12.75,1,5.51403487974985,12.75,0
183,1,7.75,3,0,0.971384582526265,1
183,1,7.75,3,0.971384582526265,3.96949596242464,1
183,1,7.75,3,3.96949596242464,5.34201353766668,1
183,1,7.75,3,5.34201353766668,7.75,0
184,1,7.75,0,0,7.75,0
185,1,9.75,0,0,9.75,0
186,1,7.75,6,0,3.83348587286633,1
186,1,7.75,6,3.83348587286633,4.41378969718644,1
186,1,7.75,6,4.41378969718644,4.54677641220407,1
186,1,7.75,6,4.54677641220407,5.42825681018391,1
186,1,7.75,6,5.42825681018391,6.82823156057343,1
186,1,7.75,6,6.82823156057343,7.59247296779994,1
186,1,7.75,6,7.59247296779994,7.75,0
187,1,3.75,0,0,3.75,0
188,1,12.75,4,0,0.605230646661496,1
188,1,12.75,4,0.605230646661496,1.149946245672,1
188,1,12.75,4,1.149946245672,9.45963494139733,1
188,1,12.75,4,9.45963494139733,10.0558762235031,1
188,1,12.75,4,10.0558762235031,12.75,0
189,1,7.75,0,0,7.75,0
190,1,10.75,1,0,5.94668340433475,1
190,1,10.75,1,5.94668340433475,10.75,0
191,1,7.75,0,0,7.75,0
192,1,11.75,14,0,1.90351146828568,1
192,1,11.75,14,1.90351146828568,2.41185094141384,1
192,1,11.75,14,2.41185094141384,3.43913054634715,1
192,1,11.75,14,3.43913054634715,4.2350432510089,1
192,1,11.75,14,4.2350432510089,6.02881779029728,1
192,1,11.75,14,6.02881779029728,6.1675525546657,1
192,1,11.75,14,6.1675525546657,7.10116437831421,1
192,1,11.75,14,7.10116437831421,7.65527110052545,1
192,1,11.75,14,7.65527110052545,7.92490966168955,1
192,1,11.75,14,7.92490966168955,8.25035133017416,1
192,1,11.75,14,8.25035133017416,8.73250971678475,1
192,1,11.75,14,8.73250971678475,9.78924891333899,1
192,1,11.75,14,9.78924891333899,10.178472492162,1
192,1,11.75,14,10.178472492162,11.5066603317363,1
192,1,11.75,14,11.5066603317363,11.75,0
193,1,7.75,0,0,7.75,0
194,1,2.75,0,0,2.75,0
195,1,11.75,0,0,11.75,0
196,1,9.75,0,0,9.75,0
197,1,7.75,1,0,5.78946002901797,1
197,1,7.75,1,5.78946002901797,7.75,0
198,1,10.75,2,0,2.43334216659009,1
198,1,10.75,2,2.43334216659009,6.14414725612539,1
198,1,10.75,2,6.14414725612539,10.75,0
199,1,8.75,0,0,8.75,0
200,1,7.75,1,0,6.7784632604039,1
200,1,7.75,1,6.7784632604039,7.75,0
201,0,17.75,0,0,17.75,0
202,0,8.75,2,0,4.58799135301623,1
202,0,8.75,2,4.58799135301623,7.83178481409286,1
202,0,8.75,2,7.83178481409286,8.75,0
203,0,10.75,1,0,8.76354272273003,1
203,0,10.75,1,8.76354272273003,10.75,0
204,0,8.75,1,0,5.47523423897868,1
204,0,8.75,1,5.47523423897868,8.75,0
205,0,8.75,0,0,8.75,0
206,0,14.75,0,0,14.75,0
207,0,8.75,0,0,8.75,0
208,0,8.75,1,0,6.18055029642746,1
208,0,8.75,1,6.18055029642746,8.75,0
209,0,8.75,0,0,8.75,0
210,0,7.75,0,0,7.75,0
211,0,8.75,9,0,2.64254916836517,1
211,0,8.75,9,2.64254916836517,3.95537118966818,1
211,0,8.75,9,3.95537118966818,4.13379427511382,1
211,0,8.75,9,4.13379427511382,4.7525776181812,1
211,0,8.75,9,4.7525776181812,5.70509774374481,1
211,0,8.75,9,5.70509774374481,6.00794056660523,1
211,0,8.75,9,6.00794056660523,6.03272510233742,1
211,0,8.75,9,6.03272510233742,6.67271871133485,1
211,0,8.75,9,6.67271871133485,6.98792128594189,1
211,0,8.75,9,6.98792128594189,8.75,0
212,0,8.75,1,0,4.72711229059517,1
212,0,8.75,1,4.72711229059517,8.75,0
213,0,3.75,0,0,3.75,0
214,0,13.75,1,0,7.44094273228369,1
214,0,13.75,1,7.44094273228369,13.75,0
215,0,6.75,2,0,3.86187716604113,1
215,0,6.75,2,3.86187716604113,6.2524540865725,1
215,0,6.75,2,6.2524540865725,6.75,0
216,0,5.75,0,0,5.75,0
217,0,3.75,0,0,3.75,0
218,0,7.75,8,0,4.6820194701658,1
218,0,7.75,8,4.6820194701658,4.69787625275384,1
218,0,7.75,8,4.69787625275384,4.88207001261933,1
218,0,7.75,8,4.88207001261933,5.3890747567107,1
218,0,7.75,8,5.3890747567107,6.00969656601994,1
218,0,7.75,8,6.00969656601994,7.0491130007125,1
218,0,7.75,8,7.0491130007125,7.05877177555305,1
218,0,7.75,8,7.05877177555305,7.32003677546459,1
218,0,7.75,8,7.32003677546459,7.75,0
219,0,3.75,0,0,3.75,0
220,0,13.75,1,0,2.46847562373305,1
220,0,13.75,1,2.46847562373305,13.75,0
221,0,7.75,0,0,7.75,0
222,0,7.75,0,0,7.75,0
223,0,5.75,1,0,5.26954510179621,1
223,0,5.75,1,5.26954510179621,5.75,0
224,0,8.75,0,0,8.75,0
225,0,7.75,4,0,2.89552477762035,1
225,0,7.75,4,2.89552477762035,4.2744711704096,1
225,0,7.75,4,4.2744711704096,4.76555995938367,1
225,0,7.75,4,4.76555995938367,6.72114682284502,1
225,0,7.75,4,6.72114682284502,7.75,0
226,0,11.75,1,0,1.42560229640453,1
226,0,11.75,1,1.42560229640453,11.75,0
227,0,7.75,2,0,3.58902905931642,1
227,0,7.75,2,3.58902905931642,7.00455643849235,1
227,0,7.75,2,7.00455643849235,7.75,0
228,0,3.75,0,0,3.75,0
229,0,7.75,0,0,7.75,0
230,0,9.75,1,0,3.64291271210318,1
230,0,9.75,1,3.64291271210318,9.75,0
231,0,7.75,0,0,7.75,0
232,0,7.75,0,0,7.75,0
233,0,14.75,0,0,14.75,0
234,0,7.75,1,0,6.64108967795902,1
234,0,7.75,1,6.64108967795902,7.75,0
235,0,10.75,1,0,7.55271223691951,1
235,0,10.75,1,7.55271223691951,10.75,0
236,0,7.75,3,0,2.93113921052635,1
236,0,7.75,3,2.93113921052635,3.89042095665152,1
236,0,7.75,3,3.89042095665152,4.58279018936827,1
236,0,7.75,3,4.58279018936827,7.75,0
237,0,7.75,0,0,7.75,0
238,0,8.75,3,0,6.62565033434676,1
238,0,8.75,3,6.62565033434676,7.5327798731088,1
238,0,8.75,3,7.5327798731088,7.53691521401774,1
238,0,8.75,3,7.53691521401774,8.75,0
239,0,7.75,0,0,7.75,0
240,0,7.75,2,0,2.77234583282284,1
240,0,7.75,2,2.77234583282284,7.132686328404,1
240,0,7.75,2,7.132686328404,7.75,0
241,0,9.75,2,0,4.94547139733943,1
241,0,9.75,2,4.94547139733943,9.25850970930815,1
241,0,9.75,2,9.25850970930815,9.75,0
242,0,10.75,0,0,10.75,0
243,0,3.75,0,0,3.75,0
244,0,7.75,0,0,7.75,0
245,0,7.75,0,0,7.75,0
246,0,2.75,0,0,2.75,0
247,0,11.75,0,0,11.75,0
248,0,3.75,0,0,3.75,0
249,0,3.75,0,0,3.75,0
250,0,7.75,0,0,7.75,0
251,0,7.75,0,0,7.75,0
252,0,12.75,1,0,9.37959557003565,1
252,0,12.75,1,9.37959557003565,12.75,0
253,0,3.75,0,0,3.75,0
254,0,9.75,0,0,9.75,0
255,0,9.75,2,0,7.92767765326172,1
255,0,9.75,2,7.92767765326172,8.6155529111318,1
255,0,9.75,2,8.6155529111318,9.75,0
256,0,8.75,0,0,8.75,0
257,0,10.75,0,0,10.75,0
258,0,8.75,0,0,8.75,0
259,0,8.75,1,0,6.49461959843461,1
259,0,8.75,1,6.49461959843461,8.75,0
260,0,3.75,0,0,3.75,0
261,0,11.75,0,0,11.75,0
262,0,8.75,0,0,8.75,0
263,0,16.75,0,0,16.75,0
264,0,8.75,0,0,8.75,0
265,0,9.75,0,0,9.75,0
266,0,8.75,0,0,8.75,0
267,0,9.75,0,0,9.75,0
268,0,4.75,0,0,4.75,0
269,0,10.75,0,0,10.75,0
270,0,9.75,0,0,9.75,0
271,0,9.75,2,0,1.55851704366427,1
271,0,9.75,2,1.55851704366427,5.40639046401064,1
271,0,9.75,2,5.40639046401064,9.75,0
272,0,8.75,0,0,8.75,0
273,0,9.75,0,0,9.75,0
274,0,9.75,1,0,7.78451615262654,1
274,0,9.75,1,7.78451615262654,9.75,0
275,0,9.75,1,0,9.13136199436994,1
275,0,9.75,1,9.13136199436994,9.75,0
276,0,4.75,0,0,4.75,0
277,0,10.75,2,0,9.73269589806358,1
277,0,10.75,2,9.73269589806358,9.77618098022884,1
277,0,10.75,2,9.77618098022884,10.75,0
278,0,11.75,1,0,10.3985826322219,1
278,0,11.75,1,10.3985826322219,11.75,0
279,0,12.75,0,0,12.75,0
280,0,13.75,2,0,7.43835184673852,1
280,0,13.75,2,7.43835184673852,9.98796412819779,1
280,0,13.75,2,9.98796412819779,13.75,0
281,0,9.75,2,0,6.78540165203841,1
281,0,9.75,2,6.78540165203841,7.46566634303573,1
281,0,9.75,2,7.46566634303573,9.75,0
282,0,8.75,2,0,7.05360592824187,1
282,0,8.75,2,7.05360592824187,7.09176772317941,1
282,0,8.75,2,7.09176772317941,8.75,0
283,0,14.75,2,0,11.272672281097,1
283,0,14.75,2,11.272672281097,12.8509881360964,1
283,0,14.75,2,12.8509881360964,14.75,0
284,0,9.75,1,0,4.04022398862902,1
284,0,9.75,1,4.04022398862902,9.75,0
285,0,14.75,1,0,11.8520132836905,1
285,0,14.75,1,11.8520132836905,14.75,0
286,0,8.75,2,0,3.91417301848579,1
286,0,8.75,2,3.91417301848579,4.9867057013551,1
286,0,8.75,2,4.9867057013551,8.75,0
287,0,8.75,2,0,4.41551301898747,1
287,0,8.75,2,4.41551301898747,5.45958777631298,1
287,0,8.75,2,5.45958777631298,8.75,0
288,0,8.75,3,0,1.59809787372251,1
288,0,8.75,3,1.59809787372251,6.5322473083306,1
288,0,8.75,3,6.5322473083306,7.47499273182264,1
288,0,8.75,3,7.47499273182264,8.75,0
289,0,8.75,12,0,0.91430960213409,1
289,0,8.75,12,0.91430960213409,2.0017349445422,1
289,0,8.75,12,2.0017349445422,3.44968398025195,1
289,0,8.75,12,3.44968398025195,3.66285366208473,1
289,0,8.75,12,3.66285366208473,3.95288918796719,1
289,0,8.75,12,3.95288918796719,4.67864326624407,1
289,0,8.75,12,4.67864326624407,5.83006984358784,1
289,0,8.75,12,5.83006984358784,6.19422041045805,1
289,0,8.75,12,6.19422041045805,6.24868896165699,1
289,0,8.75,12,6.24868896165699,6.40257509420451,1
289,0,8.75,12,6.40257509420451,7.61696859419776,1
289,0,8.75,12,7.61696859419776,8.30469223776159,1
289,0,8.75,12,8.30469223776159,8.75,0
290,0,3.75,0,0,3.75,0
291,0,8.75,1,0,4.88742003392861,1
291,0,8.75,1,4.88742003392861,8.75,0
292,0,8.75,0,0,8.75,0
293,0,8.75,0,0,8.75,0
294,0,16.75,4,0,5.29707448739499,1
294,0,16.75,4,5.29707448739499,10.1821106810285,1
294,0,16.75,4,10.1821106810285,10.8960429846128,1
294,0,16.75,4,10.8960429846128,11.8069933033191,1
294,0,16.75,4,11.8069933033191,16.75,0
295,0,9.75,0,0,9.75,0
296,0,9.75,0,0,9.75,0
297,0,9.75,0,0,9.75,0
298,0,16.75,2,0,2.71626286477746,1
298,0,16.75,2,2.71626286477746,11.138674125419,1
298,0,16.75,2,11.138674125419,16.75,0
299,0,8.75,0,0,8.75,0
300,0,10.75,1,0,10.1472058346587,1
300,0,10.75,1,10.1472058346587,10.75,0
301,0,8.75,1,0,8.46587861120321,1
301,0,8.75,1,8.46587861120321,8.75,0
302,0,8.75,3,0,6.5051216709351,1
302,0,8.75,3,6.5051216709351,6.92020585279354,1
302,0,8.75,3,6.92020585279354,8.61830846634078,1
302,0,8.75,3,8.61830846634078,8.75,0
303,0,8.75,5,0,2.54171919399584,1
303,0,8.75,5,2.54171919399584,4.41538960551384,1
303,0,8.75,5,4.41538960551384,5.28935599343508,1
303,0,8.75,5,5.28935599343508,6.21359467352455,1
303,0,8.75,5,6.21359467352455,7.11852562200776,1
303,0,8.75,5,7.11852562200776,8.75,0
304,0,10.75,4,0,4.11880078756316,1
304,0,10.75,4,4.11880078756316,7.16152552369827,1
304,0,10.75,4,7.16152552369827,7.32256091602734,1
304,0,10.75,4,7.32256091602734,9.6122858170196,1
304,0,10.75,4,9.6122858170196,10.75,0
305,0,9.75,0,0,9.75,0
306,0,16.75,1,0,16.4578871316616,1
306,0,16.75,1,16.4578871316616,16.75,0
307,0,8.75,0,0,8.75,0
308,0,8.75,1,0,6.09298494930888,1
308,0,8.75,1,6.09298494930888,8.75,0
309,0,8.75,4,0,2.84012542592061,1
309,0,8.75,4,2.84012542592061,5.66304987498463,1
309,0,8.75,4,5.66304987498463,7.10624698889998,1
309,0,8.75,4,7.10624698889998,7.41520709417649,1
309,0,8.75,4,7.41520709417649,8.75,0
310,0,8.75,3,0,6.0040090421712,1
310,0,8.75,3,6.0040090421712,6.61541316187449,1
310,0,8.75,3,6.61541316187449,7.55109815666964,1
310,0,8.75,3,7.55109815666964,8.75,0
311,0,17.75,2,0,7.28552526229959,1
311,0,17.75,2,7.28552526229959,15.4095248435156,1
311,0,17.75,2,15.4095248435156,17.75,0
312,0,11.75,1,0,7.51782443855876,1
312,0,11.75,1,7.51782443855876,11.75,0
313,0,12.75,3,0,8.4736859956242,1
313,0,12.75,3,8.4736859956242,9.05986936109416,1
313,0,12.75,3,9.05986936109416,9.89622947054193,1
313,0,12.75,3,9.89622947054193,12.75,0
314,0,8.75,0,0,8.75,0
315,0,8.75,1,0,5.3282797271412,1
315,0,8.75,1,5.3282797271412,8.75,0
316,0,8.75,1,0,3.92160693050174,1
316,0,8.75,1,3.92160693050174,8.75,0
317,0,8.75,0,0,8.75,0
318,0,14.75,3,0,2.99834660236401,1
318,0,14.75,3,2.99834660236401,12.0040887454028,1
318,0,14.75,3,12.0040887454028,12.3273924834359,1
318,0,14.75,3,12.3273924834359,14.75,0
319,0,15.75,1,0,10.4110113105358,1
319,0,15.75,1,10.4110113105358,15.75,0
320,0,4.75,0,0,4.75,0
321,0,16.75,1,0,2.22098992261778,1
321,0,16.75,1,2.22098992261778,16.75,0
322,0,8.75,0,0,8.75,0
323,0,12.75,1,0,8.09511100973272,1
323,0,12.75,1,8.09511100973272,12.75,0
324,0,8.75,0,0,8.75,0
325,0,8.75,0,0,8.75,0
326,0,8.75,3,0,2.38285721124951,1
326,0,8.75,3,2.38285721124951,3.94542896726242,1
326,0,8.75,3,3.94542896726242,5.39906227675613,1
326,0,8.75,3,5.39906227675613,8.75,0
327,0,14.75,0,0,14.75,0
328,0,3.75,0,0,3.75,0
329,0,9.75,1,0,8.16519038533992,1
329,0,9.75,1,8.16519038533992,9.75,0
330,0,14.75,0,0,14.75,0
331,0,8.75,0,0,8.75,0
332,0,10.75,0,0,10.75,0
333,0,9.75,0,0,9.75,0
334,0,8.75,0,0,8.75,0
335,0,10.75,0,0,10.75,0
336,0,17.75,2,0,5.5735589567437,1
336,0,17.75,2,5.5735589567437,16.1847702404558,1
336,0,17.75,2,16.1847702404558,17.75,0
337,0,13.75,1,0,2.88395621140386,1
337,0,13.75,1,2.88395621140386,13.75,0
338,0,5.75,1,0,5.71467033703053,1
338,0,5.75,1,5.71467033703053,5.75,0
339,0,10.75,0,0,10.75,0
340,0,9.75,1,0,4.73169527100358,1
340,0,9.75,1,4.73169527100358,9.75,0
341,0,8.75,0,0,8.75,0
342,0,10.75,0,0,10.75,0
343,0,8.75,0,0,8.75,0
344,0,17.75,0,0,17.75,0
345,0,17.75,7,0,8.310039196977,1
345,0,17.75,7,8.310039196977,10.1856091731788,1
345,0,17.75,7,10.1856091731788,14.944089385474,1
345,0,17.75,7,14.944089385474,15.7440144142641,1
345,0,17.75,7,15.7440144142641,15.9696909144772,1
345,0,17.75,7,15.9696909144772,17.2212134774966,1
345,0,17.75,7,17.2212134774966,17.6129586330746,1
345,0,17.75,7,17.6129586330746,17.75,0
346,0,9.75,1,0,1.06111132406367,1
346,0,9.75,1,1.06111132406367,9.75,0
347,0,9.75,1,0,5.69302449218725,1
347,0,9.75,1,5.69302449218725,9.75,0
348,0,12.75,4,0,2.38822479785926,1
348,0,12.75,4,2.38822479785926,9.26654711193369,1
348,0,12.75,4,9.26654711193369,10.4431583360173,1
348,0,12.75,4,10.4431583360173,10.7663661766272,1
348,0,12.75,4,10.7663661766272,12.75,0
349,0,4.75,0,0,4.75,0
350,0,11.75,4,0,6.2028899067212,1
350,0,11.75,4,6.2028899067212,7.64131065840046,1
350,0,11.75,4,7.64131065840046,7.81014722754367,1
350,0,11.75,4,7.81014722754367,10.3920122838888,1
350,0,11.75,4,10.3920122838888,11.75,0
351,0,6.75,1,0,3.21172025079164,1
351,0,6.75,1,3.21172025079164,6.75,0
352,0,11.75,0,0,11.75,0
353,0,10.75,2,0,9.38921682363078,1
353,0,10.75,2,9.38921682363078,10.3339848726933,1
353,0,10.75,2,10.3339848726933,10.75,0
354,0,16.75,8,0,5.42257333760629,1
354,0,16.75,8,5.42257333760629,7.13061548836271,1
354,0,16.75,8,7.13061548836271,11.3644755885545,1
354,0,16.75,8,11.3644755885545,14.8692796214462,1
354,0,16.75,8,14.8692796214462,15.1036559752311,1
354,0,16.75,8,15.1036559752311,15.2130716102568,1
354,0,16.75,8,15.2130716102568,16.0485023300027,1
354,0,16.75,8,16.0485023300027,16.2189700745375,1
354,0,16.75,8,16.2189700745375,16.75,0
355,0,9.75,0,0,9.75,0
356,0,16.75,5,0,3.29034130340897,1
356,0,16.75,5,3.29034130340897,5.7250055400782,1
356,0,16.75,5,5.7250055400782,6.42114596235574,1
356,0,16.75,5,6.42114596235574,9.93655935040782,1
356,0,16.75,5,9.93655935040782,11.4030775762652,1
356,0,16.75,5,11.4030775762652,16.75,0
357,0,8.75,0,0,8.75,0
358,0,8.75,0,0,8.75,0
359,0,4.75,1,0,3.39318054044257,1
359,0,4.75,1,3.39318054044257,4.75,0
360,0,10.75,1,0,1.86511651002189,1
360,0,10.75,1,1.86511651002189,10.75,0
361,0,8.75,1,0,4.51714097401443,1
361,0,8.75,1,4.51714097401443,8.75,0
362,0,8.75,0,0,8.75,0
363,0,11.75,1,0,11.3190808083668,1
363,0,11.75,1,11.3190808083668,11.75,0
364,0,4.75,0,0,4.75,0
365,0,9.75,0,0,9.75,0
366,0,9.75,2,0,7.09118384713193,1
366,0,9.75,2,7.09118384713193,9.70746020611981,1
366,0,9.75,2,9.70746020611981,9.75,0
367,0,9.75,0,0,9.75,0
368,0,8.75,0,0,8.75,0
369,0,8.75,0,0,8.75,0
370,0,8.75,0,0,8.75,0
371,0,8.75,0,0,8.75,0
372,0,8.75,0,0,8.75,0
373,0,8.75,1,0,8.34189088015953,1
373,0,8.75,1,8.34189088015953,8.75,0
374,0,2.75,0,0,2.75,0
375,0,16.75,2,0,4.88051755533807,1
375,0,16.75,2,4.88051755533807,16.4431662200279,1
375,0,16.75,2,16.4431662200279,16.75,0
376,0,13.75,5,0,5.56005298131625,1
376,0,13.75,5,5.56005298131625,5.61962188127261,1
376,0,13.75,5,5.61962188127261,7.76964602289054,1
376,0,13.75,5,7.76964602289054,8.54873415997218,1
376,0,13.75,5,8.54873415997218,12.8429942468051,1
376,0,13.75,5,12.8429942468051,13.75,0
377,0,8.75,1,0,7.16817690523575,1
377,0,8.75,1,7.16817690523575,8.75,0
378,0,4.75,0,0,4.75,0
379,0,11.75,0,0,11.75,0
380,0,8.75,0,0,8.75,0
381,0,9.75,0,0,9.75,0
382,0,11.75,1,0,4.17349862001437,1
382,0,11.75,1,4.17349862001437,11.75,0
383,0,8.75,0,0,8.75,0
384,0,8.75,2,0,4.94914925284658,1
384,0,8.75,2,4.94914925284658,7.41977356642335,1
384,0,8.75,2,7.41977356642335,8.75,0
385,0,8.75,3,0,0.940037679478039,1
385,0,8.75,3,0.940037679478039,6.51891622441245,1
385,0,8.75,3,6.51891622441245,6.79490385696117,1
385,0,8.75,3,6.79490385696117,8.75,0
386,0,8.75,1,0,7.61433098084065,1
386,0,8.75,1,7.61433098084065,8.75,0
387,0,9.75,1,0,6.0359278044501,1
387,0,9.75,1,6.0359278044501,9.75,0
388,0,8.75,3,0,1.23553919997038,1
388,0,8.75,3,1.23553919997038,7.43221336636071,1
388,0,8.75,3,7.43221336636071,7.64786330312211,1
388,0,8.75,3,7.64786330312211,8.75,0
389,0,12.75,0,0,12.75,0
390,0,10.75,1,0,1.81772838950523,1
390,0,10.75,1,1.81772838950523,10.75,0
391,0,13.75,4,0,6.57618621505783,1
391,0,13.75,4,6.57618621505783,9.92277797185671,1
391,0,13.75,4,9.92277797185671,9.92335614487893,1
391,0,13.75,4,9.92335614487893,11.9813824089344,1
391,0,13.75,4,11.9813824089344,13.75,0
392,0,8.75,0,0,8.75,0
393,0,12.75,3,0,9.76724180666038,1
393,0,12.75,3,9.76724180666038,11.4873227611889,1
393,0,12.75,3,11.4873227611889,11.7734733297547,1
393,0,12.75,3,11.7734733297547,12.75,0
394,0,18.75,3,0,2.7379574739954,1
394,0,18.75,3,2.7379574739954,8.58839445080152,1
394,0,18.75,3,8.58839445080152,17.9461058098872,1
394,0,18.75,3,17.9461058098872,18.75,0
395,0,8.75,1,0,7.84752592486283,1
395,0,8.75,1,7.84752592486283,8.75,0
396,0,8.75,0,0,8.75,0
397,0,8.75,6,0,1.29847699515111,1
397,0,8.75,6,1.29847699515111,5.25272720779446,1
397,0,8.75,6,5.25272720779446,6.71643696721507,1
397,0,8.75,6,6.71643696721507,7.6551806071646,1
397,0,8.75,6,7.6551806071646,8.03057015736064,1
397,0,8.75,6,8.03057015736064,8.35765763127841,1
397,0,8.75,6,8.35765763127841,8.75,0
398,0,8.75,0,0,8.75,0
399,0,8.75,0,0,8.75,0
400,0,8.75,0,0,8.75,0
