"V1","V2","V3","V4","V5","V6","V7","V8","V9","V10","V11","V12","V13","V14","V15","V16","V17","V18","V19","V20","V21","V22","V23","V24","V25","V26","V27","V28","V29","V30","V31","V32","V33","V34","V35","V36"
12,12.25,12.5,12.75,13,13.25,13.5,13.75,14,14.25,14.5,14.75,15,15.25,15.5,15.75,16,16.25,16.5,16.75,17,17.25,17.5,17.75,18,18.25,18.5,18.75,19,19.25,19.5,19.75,20,20.25,20.5,20.75
15,15.25,15.5,15.75,16,16.25,16.5,16.75,17,17.25,17.5,17.75,18,18.25,18.5,18.75,19,19.25,19.5,19.75,NA,NA,NA,NA,NA,NA,NA,NA,NA,NA,NA,NA,NA,NA,NA,NA
14,14.25,14.5,14.75,NA,NA,NA,NA,NA,NA,NA,NA,NA,NA,NA,NA,NA,NA,NA,NA,NA,NA,NA,NA,NA,NA,NA,NA,NA,NA,NA,NA,NA,NA,NA,NA
12,12.25,12.5,12.75,13,13.25,13.5,13.75,14,14.25,14.5,14.75,15,15.25,15.5,15.75,16,16.25,16.5,16.75,17,17.25,17.5,17.75,18,18.25,18.5,18.75,19,19.25,19.5,19.75,NA,NA,NA,NA
11,11.25,11.5,11.75,12,12.25,12.5,12.75,13,13.25,13.5,13.75,14,14.25,14.5,14.75,15,15.25,15.5,15.75,16,16.25,16.5,16.75,17,17.25,17.5,17.75,18,18.25,18.5,18.75,NA,NA,NA,NA
11,11.25,11.5,11.75,12,12.25,12.5,12.75,13,13.25,13.5,13.75,14,14.25,14.5,14.75,15,15.25,15.5,15.75,16,16.25,16.5,16.75,17,17.25,17.5,17.75,NA,NA,NA,NA,NA,NA,NA,NA
11,11.25,11.5,11.75,12,12.25,12.5,12.75,13,13.25,13.5,13.75,14,14.25,14.5,14.75,15,15.25,15.5,15.75,NA,NA,NA,NA,NA,NA,NA,NA,NA,NA,NA,NA,NA,NA,NA,NA
13,13.25,13.5,13.75,14,14.25,14.5,14.75,15,15.25,15.5,15.75,16,16.25,16.5,16.75,17,17.25,17.5,17.75,18,18.25,18.5,18.75,19,19.25,19.5,19.75,NA,NA,NA,NA,NA,NA,NA,NA
11,11.25,11.5,11.75,12,12.25,12.5,12.75,13,13.25,13.5,13.75,14,14.25,14.5,14.75,15,15.25,15.5,15.75,16,16.25,16.5,16.75,17,17.25,17.5,17.75,18,18.25,18.5,18.75,NA,NA,NA,NA
12,12.25,12.5,12.75,13,13.25,13.5,13.75,14,14.25,14.5,14.75,15,15.25,15.5,15.75,16,16.25,16.5,16.75,17,17.25,17.5,17.75,18,18.25,18.5,18.75,19,19.25,19.5,19.75,NA,NA,NA,NA
12,12.25,12.5,12.75,13,13.25,13.5,13.75,14,14.25,14.5,14.75,15,15.25,15.5,15.75,16,16.25,16.5,16.75,17,17.25,17.5,17.75,18,18.25,18.5,18.75,19,19.25,19.5,19.75,NA,NA,NA,NA
12,12.25,12.5,12.75,13,13.25,13.5,13.75,14,14.25,14.5,14.75,15,15.25,15.5,15.75,16,16.25,16.5,16.75,17,17.25,17.5,17.75,18,18.25,18.5,18.75,NA,NA,NA,NA,NA,NA,NA,NA
12,12.25,12.5,12.75,13,13.25,13.5,13.75,14,14.25,14.5,14.75,15,15.25,15.5,15.75,16,16.25,16.5,16.75,17,17.25,17.5,17.75,18,18.25,18.5,18.75,19,19.25,19.5,19.75,NA,NA,NA,NA
12,12.25,12.5,12.75,13,13.25,13.5,13.75,14,14.25,14.5,14.75,15,15.25,15.5,15.75,NA,NA,NA,NA,NA,NA,NA,NA,NA,NA,NA,NA,NA,NA,NA,NA,NA,NA,NA,NA
12,12.25,12.5,12.75,13,13.25,13.5,13.75,NA,NA,NA,NA,NA,NA,NA,NA,NA,NA,NA,NA,NA,NA,NA,NA,NA,NA,NA,NA,NA,NA,NA,NA,NA,NA,NA,NA
11,11.25,11.5,11.75,12,12.25,12.5,12.75,13,13.25,13.5,13.75,14,14.25,14.5,14.75,15,15.25,15.5,15.75,16,16.25,16.5,16.75,17,17.25,17.5,17.75,18,18.25,18.5,18.75,NA,NA,NA,NA
12,12.25,12.5,12.75,13,13.25,13.5,13.75,14,14.25,14.5,14.75,15,15.25,15.5,15.75,16,16.25,16.5,16.75,17,17.25,17.5,17.75,18,18.25,18.5,18.75,19,19.25,19.5,19.75,NA,NA,NA,NA
11,11.25,11.5,11.75,12,12.25,12.5,12.75,13,13.25,13.5,13.75,14,14.25,14.5,14.75,15,15.25,15.5,15.75,16,16.25,16.5,16.75,17,17.25,17.5,17.75,18,18.25,18.5,18.75,NA,NA,NA,NA
13,13.25,13.5,13.75,14,14.25,14.5,14.75,15,15.25,15.5,15.75,16,16.25,16.5,16.75,17,17.25,17.5,17.75,18,18.25,18.5,18.75,19,19.25,19.5,19.75,NA,NA,NA,NA,NA,NA,NA,NA
11,11.25,11.5,11.75,12,12.25,12.5,12.75,13,13.25,13.5,13.75,14,14.25,14.5,14.75,15,15.25,15.5,15.75,16,16.25,16.5,16.75,17,17.25,17.5,17.75,18,18.25,18.5,18.75,19,19.25,19.5,19.75
11,11.25,11.5,11.75,12,12.25,12.5,12.75,13,13.25,13.5,13.75,14,14.25,14.5,14.75,15,15.25,15.5,15.75,16,16.25,16.5,16.75,17,17.25,17.5,17.75,18,18.25,18.5,18.75,NA,NA,NA,NA
11,11.25,11.5,11.75,12,12.25,12.5,12.75,13,13.25,13.5,13.75,14,14.25,14.5,14.75,15,15.25,15.5,15.75,16,16.25,16.5,16.75,17,17.25,17.5,17.75,18,18.25,18.5,18.75,19,19.25,19.5,19.75
11,11.25,11.5,11.75,12,12.25,12.5,12.75,13,13.25,13.5,13.75,14,14.25,14.5,14.75,NA,NA,NA,NA,NA,NA,NA,NA,NA,NA,NA,NA,NA,NA,NA,NA,NA,NA,NA,NA
12,12.25,12.5,12.75,13,13.25,13.5,13.75,14,14.25,14.5,14.75,15,15.25,15.5,15.75,16,16.25,16.5,16.75,17,17.25,17.5,17.75,18,18.25,18.5,18.75,19,19.25,19.5,19.75,NA,NA,NA,NA
12,12.25,12.5,12.75,13,13.25,13.5,13.75,14,14.25,14.5,14.75,15,15.25,15.5,15.75,16,16.25,16.5,16.75,17,17.25,17.5,17.75,18,18.25,18.5,18.75,19,19.25,19.5,19.75,NA,NA,NA,NA
13,13.25,13.5,13.75,NA,NA,NA,NA,NA,NA,NA,NA,NA,NA,NA,NA,NA,NA,NA,NA,NA,NA,NA,NA,NA,NA,NA,NA,NA,NA,NA,NA,NA,NA,NA,NA
12,12.25,12.5,12.75,13,13.25,13.5,13.75,14,14.25,14.5,14.75,15,15.25,15.5,15.75,16,16.25,16.5,16.75,17,17.25,17.5,17.75,18,18.25,18.5,18.75,NA,NA,NA,NA,NA,NA,NA,NA
11,11.25,11.5,11.75,12,12.25,12.5,12.75,13,13.25,13.5,13.75,14,14.25,14.5,14.75,15,15.25,15.5,15.75,16,16.25,16.5,16.75,17,17.25,17.5,17.75,18,18.25,18.5,18.75,19,19.25,19.5,19.75
12,12.25,12.5,12.75,13,13.25,13.5,13.75,14,14.25,14.5,14.75,NA,NA,NA,NA,NA,NA,NA,NA,NA,NA,NA,NA,NA,NA,NA,NA,NA,NA,NA,NA,NA,NA,NA,NA
12,12.25,12.5,12.75,13,13.25,13.5,13.75,14,14.25,14.5,14.75,15,15.25,15.5,15.75,16,16.25,16.5,16.75,17,17.25,17.5,17.75,NA,NA,NA,NA,NA,NA,NA,NA,NA,NA,NA,NA
14,14.25,14.5,14.75,15,15.25,15.5,15.75,16,16.25,16.5,16.75,17,17.25,17.5,17.75,18,18.25,18.5,18.75,19,19.25,19.5,19.75,NA,NA,NA,NA,NA,NA,NA,NA,NA,NA,NA,NA
11,11.25,11.5,11.75,12,12.25,12.5,12.75,13,13.25,13.5,13.75,14,14.25,14.5,14.75,15,15.25,15.5,15.75,16,16.25,16.5,16.75,17,17.25,17.5,17.75,18,18.25,18.5,18.75,NA,NA,NA,NA
12,12.25,12.5,12.75,13,13.25,13.5,13.75,14,14.25,14.5,14.75,15,15.25,15.5,15.75,16,16.25,16.5,16.75,17,17.25,17.5,17.75,18,18.25,18.5,18.75,NA,NA,NA,NA,NA,NA,NA,NA
12,12.25,12.5,12.75,13,13.25,13.5,13.75,14,14.25,14.5,14.75,15,15.25,15.5,15.75,16,16.25,16.5,16.75,17,17.25,17.5,17.75,18,18.25,18.5,18.75,19,19.25,19.5,19.75,NA,NA,NA,NA
13,13.25,13.5,13.75,14,14.25,14.5,14.75,15,15.25,15.5,15.75,16,16.25,16.5,16.75,17,17.25,17.5,17.75,18,18.25,18.5,18.75,19,19.25,19.5,19.75,NA,NA,NA,NA,NA,NA,NA,NA
10,10.25,10.5,10.75,11,11.25,11.5,11.75,12,12.25,12.5,12.75,13,13.25,13.5,13.75,14,14.25,14.5,14.75,15,15.25,15.5,15.75,16,16.25,16.5,16.75,17,17.25,17.5,17.75,NA,NA,NA,NA
12,12.25,12.5,12.75,13,13.25,13.5,13.75,14,14.25,14.5,14.75,15,15.25,15.5,15.75,16,16.25,16.5,16.75,17,17.25,17.5,17.75,18,18.25,18.5,18.75,19,19.25,19.5,19.75,NA,NA,NA,NA
12,12.25,12.5,12.75,13,13.25,13.5,13.75,14,14.25,14.5,14.75,15,15.25,15.5,15.75,16,16.25,16.5,16.75,17,17.25,17.5,17.75,18,18.25,18.5,18.75,19,19.25,19.5,19.75,NA,NA,NA,NA
12,12.25,12.5,12.75,13,13.25,13.5,13.75,14,14.25,14.5,14.75,15,15.25,15.5,15.75,16,16.25,16.5,16.75,17,17.25,17.5,17.75,18,18.25,18.5,18.75,19,19.25,19.5,19.75,NA,NA,NA,NA
12,12.25,12.5,12.75,13,13.25,13.5,13.75,NA,NA,NA,NA,NA,NA,NA,NA,NA,NA,NA,NA,NA,NA,NA,NA,NA,NA,NA,NA,NA,NA,NA,NA,NA,NA,NA,NA
11,11.25,11.5,11.75,12,12.25,12.5,12.75,13,13.25,13.5,13.75,14,14.25,14.5,14.75,15,15.25,15.5,15.75,16,16.25,16.5,16.75,17,17.25,17.5,17.75,18,18.25,18.5,18.75,19,19.25,19.5,19.75
12,12.25,12.5,12.75,13,13.25,13.5,13.75,14,14.25,14.5,14.75,15,15.25,15.5,15.75,16,16.25,16.5,16.75,17,17.25,17.5,17.75,18,18.25,18.5,18.75,NA,NA,NA,NA,NA,NA,NA,NA
11,11.25,11.5,11.75,12,12.25,12.5,12.75,13,13.25,13.5,13.75,14,14.25,14.5,14.75,NA,NA,NA,NA,NA,NA,NA,NA,NA,NA,NA,NA,NA,NA,NA,NA,NA,NA,NA,NA
12,12.25,12.5,12.75,13,13.25,13.5,13.75,14,14.25,14.5,14.75,NA,NA,NA,NA,NA,NA,NA,NA,NA,NA,NA,NA,NA,NA,NA,NA,NA,NA,NA,NA,NA,NA,NA,NA
15,15.25,15.5,15.75,16,16.25,16.5,16.75,17,17.25,17.5,17.75,18,18.25,18.5,18.75,19,19.25,19.5,19.75,NA,NA,NA,NA,NA,NA,NA,NA,NA,NA,NA,NA,NA,NA,NA,NA
13,13.25,13.5,13.75,14,14.25,14.5,14.75,15,15.25,15.5,15.75,16,16.25,16.5,16.75,17,17.25,17.5,17.75,18,18.25,18.5,18.75,NA,NA,NA,NA,NA,NA,NA,NA,NA,NA,NA,NA
12,12.25,12.5,12.75,13,13.25,13.5,13.75,14,14.25,14.5,14.75,15,15.25,15.5,15.75,16,16.25,16.5,16.75,17,17.25,17.5,17.75,18,18.25,18.5,18.75,19,19.25,19.5,19.75,20,20.25,20.5,20.75
12,12.25,12.5,12.75,13,13.25,13.5,13.75,14,14.25,14.5,14.75,15,15.25,15.5,15.75,16,16.25,16.5,16.75,17,17.25,17.5,17.75,18,18.25,18.5,18.75,19,19.25,19.5,19.75,20,20.25,20.5,20.75
13,13.25,13.5,13.75,14,14.25,14.5,14.75,NA,NA,NA,NA,NA,NA,NA,NA,NA,NA,NA,NA,NA,NA,NA,NA,NA,NA,NA,NA,NA,NA,NA,NA,NA,NA,NA,NA
13,13.25,13.5,13.75,14,14.25,14.5,14.75,15,15.25,15.5,15.75,NA,NA,NA,NA,NA,NA,NA,NA,NA,NA,NA,NA,NA,NA,NA,NA,NA,NA,NA,NA,NA,NA,NA,NA
13,13.25,13.5,13.75,14,14.25,14.5,14.75,15,15.25,15.5,15.75,16,16.25,16.5,16.75,17,17.25,17.5,17.75,18,18.25,18.5,18.75,19,19.25,19.5,19.75,20,20.25,20.5,20.75,NA,NA,NA,NA
12,12.25,12.5,12.75,13,13.25,13.5,13.75,14,14.25,14.5,14.75,15,15.25,15.5,15.75,16,16.25,16.5,16.75,17,17.25,17.5,17.75,18,18.25,18.5,18.75,19,19.25,19.5,19.75,20,20.25,20.5,20.75
13,13.25,13.5,13.75,14,14.25,14.5,14.75,15,15.25,15.5,15.75,NA,NA,NA,NA,NA,NA,NA,NA,NA,NA,NA,NA,NA,NA,NA,NA,NA,NA,NA,NA,NA,NA,NA,NA
12,12.25,12.5,12.75,13,13.25,13.5,13.75,14,14.25,14.5,14.75,15,15.25,15.5,15.75,16,16.25,16.5,16.75,17,17.25,17.5,17.75,18,18.25,18.5,18.75,19,19.25,19.5,19.75,20,20.25,20.5,20.75
12,12.25,12.5,12.75,13,13.25,13.5,13.75,14,14.25,14.5,14.75,15,15.25,15.5,15.75,16,16.25,16.5,16.75,17,17.25,17.5,17.75,18,18.25,18.5,18.75,19,19.25,19.5,19.75,20,20.25,20.5,20.75
13,13.25,13.5,13.75,14,14.25,14.5,14.75,15,15.25,15.5,15.75,16,16.25,16.5,16.75,17,17.25,17.5,17.75,18,18.25,18.5,18.75,19,19.25,19.5,19.75,20,20.25,20.5,20.75,NA,NA,NA,NA
12,12.25,12.5,12.75,13,13.25,13.5,13.75,14,14.25,14.5,14.75,15,15.25,15.5,15.75,16,16.25,16.5,16.75,17,17.25,17.5,17.75,18,18.25,18.5,18.75,19,19.25,19.5,19.75,NA,NA,NA,NA
12,12.25,12.5,12.75,13,13.25,13.5,13.75,14,14.25,14.5,14.75,15,15.25,15.5,15.75,16,16.25,16.5,16.75,17,17.25,17.5,17.75,18,18.25,18.5,18.75,19,19.25,19.5,19.75,20,20.25,20.5,20.75
13,13.25,13.5,13.75,14,14.25,14.5,14.75,15,15.25,15.5,15.75,16,16.25,16.5,16.75,17,17.25,17.5,17.75,18,18.25,18.5,18.75,19,19.25,19.5,19.75,20,20.25,20.5,20.75,NA,NA,NA,NA
12,12.25,12.5,12.75,13,13.25,13.5,13.75,14,14.25,14.5,14.75,15,15.25,15.5,15.75,16,16.25,16.5,16.75,17,17.25,17.5,17.75,18,18.25,18.5,18.75,19,19.25,19.5,19.75,NA,NA,NA,NA
12,12.25,12.5,12.75,13,13.25,13.5,13.75,14,14.25,14.5,14.75,15,15.25,15.5,15.75,16,16.25,16.5,16.75,17,17.25,17.5,17.75,18,18.25,18.5,18.75,19,19.25,19.5,19.75,NA,NA,NA,NA
12,12.25,12.5,12.75,13,13.25,13.5,13.75,NA,NA,NA,NA,NA,NA,NA,NA,NA,NA,NA,NA,NA,NA,NA,NA,NA,NA,NA,NA,NA,NA,NA,NA,NA,NA,NA,NA
12,12.25,12.5,12.75,13,13.25,13.5,13.75,14,14.25,14.5,14.75,15,15.25,15.5,15.75,16,16.25,16.5,16.75,17,17.25,17.5,17.75,18,18.25,18.5,18.75,19,19.25,19.5,19.75,NA,NA,NA,NA
10,10.25,10.5,10.75,11,11.25,11.5,11.75,12,12.25,12.5,12.75,13,13.25,13.5,13.75,14,14.25,14.5,14.75,15,15.25,15.5,15.75,16,16.25,16.5,16.75,17,17.25,17.5,17.75,18,18.25,18.5,18.75
12,12.25,12.5,12.75,13,13.25,13.5,13.75,14,14.25,14.5,14.75,15,15.25,15.5,15.75,16,16.25,16.5,16.75,17,17.25,17.5,17.75,18,18.25,18.5,18.75,NA,NA,NA,NA,NA,NA,NA,NA
10,10.25,10.5,10.75,11,11.25,11.5,11.75,12,12.25,12.5,12.75,13,13.25,13.5,13.75,14,14.25,14.5,14.75,15,15.25,15.5,15.75,16,16.25,16.5,16.75,17,17.25,17.5,17.75,NA,NA,NA,NA
12,12.25,12.5,12.75,13,13.25,13.5,13.75,14,14.25,14.5,14.75,15,15.25,15.5,15.75,16,16.25,16.5,16.75,17,17.25,17.5,17.75,18,18.25,18.5,18.75,NA,NA,NA,NA,NA,NA,NA,NA
10,10.25,10.5,10.75,11,11.25,11.5,11.75,12,12.25,12.5,12.75,13,13.25,13.5,13.75,14,14.25,14.5,14.75,15,15.25,15.5,15.75,16,16.25,16.5,16.75,17,17.25,17.5,17.75,18,18.25,18.5,18.75
11,11.25,11.5,11.75,12,12.25,12.5,12.75,13,13.25,13.5,13.75,14,14.25,14.5,14.75,15,15.25,15.5,15.75,16,16.25,16.5,16.75,17,17.25,17.5,17.75,18,18.25,18.5,18.75,NA,NA,NA,NA
10,10.25,10.5,10.75,11,11.25,11.5,11.75,12,12.25,12.5,12.75,13,13.25,13.5,13.75,14,14.25,14.5,14.75,15,15.25,15.5,15.75,16,16.25,16.5,16.75,17,17.25,17.5,17.75,18,18.25,18.5,18.75
10,10.25,10.5,10.75,11,11.25,11.5,11.75,12,12.25,12.5,12.75,13,13.25,13.5,13.75,14,14.25,14.5,14.75,15,15.25,15.5,15.75,16,16.25,16.5,16.75,17,17.25,17.5,17.75,18,18.25,18.5,18.75
13,13.25,13.5,13.75,NA,NA,NA,NA,NA,NA,NA,NA,NA,NA,NA,NA,NA,NA,NA,NA,NA,NA,NA,NA,NA,NA,NA,NA,NA,NA,NA,NA,NA,NA,NA,NA
12,12.25,12.5,12.75,13,13.25,13.5,13.75,14,14.25,14.5,14.75,15,15.25,15.5,15.75,16,16.25,16.5,16.75,17,17.25,17.5,17.75,18,18.25,18.5,18.75,NA,NA,NA,NA,NA,NA,NA,NA
12,12.25,12.5,12.75,13,13.25,13.5,13.75,14,14.25,14.5,14.75,15,15.25,15.5,15.75,16,16.25,16.5,16.75,17,17.25,17.5,17.75,18,18.25,18.5,18.75,19,19.25,19.5,19.75,NA,NA,NA,NA
11,11.25,11.5,11.75,12,12.25,12.5,12.75,13,13.25,13.5,13.75,14,14.25,14.5,14.75,15,15.25,15.5,15.75,16,16.25,16.5,16.75,17,17.25,17.5,17.75,NA,NA,NA,NA,NA,NA,NA,NA
11,11.25,11.5,11.75,12,12.25,12.5,12.75,13,13.25,13.5,13.75,14,14.25,14.5,14.75,15,15.25,15.5,15.75,16,16.25,16.5,16.75,17,17.25,17.5,17.75,18,18.25,18.5,18.75,NA,NA,NA,NA
10,10.25,10.5,10.75,11,11.25,11.5,11.75,12,12.25,12.5,12.75,13,13.25,13.5,13.75,14,14.25,14.5,14.75,15,15.25,15.5,15.75,16,16.25,16.5,16.75,17,17.25,17.5,17.75,NA,NA,NA,NA
10,10.25,10.5,10.75,11,11.25,11.5,11.75,12,12.25,12.5,12.75,13,13.25,13.5,13.75,14,14.25,14.5,14.75,15,15.25,15.5,15.75,16,16.25,16.5,16.75,17,17.25,17.5,17.75,NA,NA,NA,NA
11,11.25,11.5,11.75,12,12.25,12.5,12.75,13,13.25,13.5,13.75,14,14.25,14.5,14.75,15,15.25,15.5,15.75,NA,NA,NA,NA,NA,NA,NA,NA,NA,NA,NA,NA,NA,NA,NA,NA
10,10.25,10.5,10.75,11,11.25,11.5,11.75,12,12.25,12.5,12.75,13,13.25,13.5,13.75,14,14.25,14.5,14.75,15,15.25,15.5,15.75,16,16.25,16.5,16.75,17,17.25,17.5,17.75,NA,NA,NA,NA
10,10.25,10.5,10.75,11,11.25,11.5,11.75,12,12.25,12.5,12.75,13,13.25,13.5,13.75,14,14.25,14.5,14.75,15,15.25,15.5,15.75,16,16.25,16.5,16.75,17,17.25,17.5,17.75,18,18.25,18.5,18.75
11,11.25,11.5,11.75,12,12.25,12.5,12.75,13,13.25,13.5,13.75,14,14.25,14.5,14.75,15,15.25,15.5,15.75,16,16.25,16.5,16.75,17,17.25,17.5,17.75,18,18.25,18.5,18.75,NA,NA,NA,NA
11,11.25,11.5,11.75,12,12.25,12.5,12.75,13,13.25,13.5,13.75,14,14.25,14.5,14.75,15,15.25,15.5,15.75,16,16.25,16.5,16.75,17,17.25,17.5,17.75,18,18.25,18.5,18.75,NA,NA,NA,NA
11,11.25,11.5,11.75,12,12.25,12.5,12.75,13,13.25,13.5,13.75,14,14.25,14.5,14.75,15,15.25,15.5,15.75,16,16.25,16.5,16.75,17,17.25,17.5,17.75,18,18.25,18.5,18.75,NA,NA,NA,NA
10,10.25,10.5,10.75,11,11.25,11.5,11.75,12,12.25,12.5,12.75,13,13.25,13.5,13.75,14,14.25,14.5,14.75,15,15.25,15.5,15.75,16,16.25,16.5,16.75,17,17.25,17.5,17.75,18,18.25,18.5,18.75
12,12.25,12.5,12.75,13,13.25,13.5,13.75,NA,NA,NA,NA,NA,NA,NA,NA,NA,NA,NA,NA,NA,NA,NA,NA,NA,NA,NA,NA,NA,NA,NA,NA,NA,NA,NA,NA
10,10.25,10.5,10.75,11,11.25,11.5,11.75,12,12.25,12.5,12.75,13,13.25,13.5,13.75,14,14.25,14.5,14.75,15,15.25,15.5,15.75,16,16.25,16.5,16.75,17,17.25,17.5,17.75,NA,NA,NA,NA
13,13.25,13.5,13.75,14,14.25,14.5,14.75,NA,NA,NA,NA,NA,NA,NA,NA,NA,NA,NA,NA,NA,NA,NA,NA,NA,NA,NA,NA,NA,NA,NA,NA,NA,NA,NA,NA
11,11.25,11.5,11.75,12,12.25,12.5,12.75,13,13.25,13.5,13.75,14,14.25,14.5,14.75,15,15.25,15.5,15.75,16,16.25,16.5,16.75,17,17.25,17.5,17.75,18,18.25,18.5,18.75,19,19.25,19.5,19.75
10,10.25,10.5,10.75,11,11.25,11.5,11.75,12,12.25,12.5,12.75,NA,NA,NA,NA,NA,NA,NA,NA,NA,NA,NA,NA,NA,NA,NA,NA,NA,NA,NA,NA,NA,NA,NA,NA
10,10.25,10.5,10.75,11,11.25,11.5,11.75,12,12.25,12.5,12.75,13,13.25,13.5,13.75,14,14.25,14.5,14.75,15,15.25,15.5,15.75,16,16.25,16.5,16.75,17,17.25,17.5,17.75,NA,NA,NA,NA
11,11.25,11.5,11.75,12,12.25,12.5,12.75,13,13.25,13.5,13.75,14,14.25,14.5,14.75,15,15.25,15.5,15.75,16,16.25,16.5,16.75,17,17.25,17.5,17.75,18,18.25,18.5,18.75,NA,NA,NA,NA
10,10.25,10.5,10.75,11,11.25,11.5,11.75,12,12.25,12.5,12.75,13,13.25,13.5,13.75,14,14.25,14.5,14.75,15,15.25,15.5,15.75,16,16.25,16.5,16.75,17,17.25,17.5,17.75,NA,NA,NA,NA
9,9.25,9.5,9.75,10,10.25,10.5,10.75,11,11.25,11.5,11.75,12,12.25,12.5,12.75,13,13.25,13.5,13.75,14,14.25,14.5,14.75,15,15.25,15.5,15.75,16,16.25,16.5,16.75,17,17.25,17.5,17.75
11,11.25,11.5,11.75,12,12.25,12.5,12.75,13,13.25,13.5,13.75,NA,NA,NA,NA,NA,NA,NA,NA,NA,NA,NA,NA,NA,NA,NA,NA,NA,NA,NA,NA,NA,NA,NA,NA
12,12.25,12.5,12.75,13,13.25,13.5,13.75,14,14.25,14.5,14.75,15,15.25,15.5,15.75,16,16.25,16.5,16.75,17,17.25,17.5,17.75,18,18.25,18.5,18.75,19,19.25,19.5,19.75,NA,NA,NA,NA
12,12.25,12.5,12.75,13,13.25,13.5,13.75,14,14.25,14.5,14.75,15,15.25,15.5,15.75,16,16.25,16.5,16.75,17,17.25,17.5,17.75,18,18.25,18.5,18.75,19,19.25,19.5,19.75,NA,NA,NA,NA
10,10.25,10.5,10.75,11,11.25,11.5,11.75,12,12.25,12.5,12.75,13,13.25,13.5,13.75,NA,NA,NA,NA,NA,NA,NA,NA,NA,NA,NA,NA,NA,NA,NA,NA,NA,NA,NA,NA
12,12.25,12.5,12.75,13,13.25,13.5,13.75,14,14.25,14.5,14.75,15,15.25,15.5,15.75,16,16.25,16.5,16.75,17,17.25,17.5,17.75,18,18.25,18.5,18.75,19,19.25,19.5,19.75,NA,NA,NA,NA
11,11.25,11.5,11.75,12,12.25,12.5,12.75,13,13.25,13.5,13.75,14,14.25,14.5,14.75,15,15.25,15.5,15.75,16,16.25,16.5,16.75,17,17.25,17.5,17.75,18,18.25,18.5,18.75,NA,NA,NA,NA
12,12.25,12.5,12.75,13,13.25,13.5,13.75,14,14.25,14.5,14.75,15,15.25,15.5,15.75,16,16.25,16.5,16.75,17,17.25,17.5,17.75,18,18.25,18.5,18.75,NA,NA,NA,NA,NA,NA,NA,NA
10,10.25,10.5,10.75,11,11.25,11.5,11.75,12,12.25,12.5,12.75,13,13.25,13.5,13.75,14,14.25,14.5,14.75,15,15.25,15.5,15.75,16,16.25,16.5,16.75,17,17.25,17.5,17.75,NA,NA,NA,NA
10,10.25,10.5,10.75,11,11.25,11.5,11.75,12,12.25,12.5,12.75,13,13.25,13.5,13.75,14,14.25,14.5,14.75,15,15.25,15.5,15.75,16,16.25,16.5,16.75,17,17.25,17.5,17.75,NA,NA,NA,NA
13,13.25,13.5,13.75,14,14.25,14.5,14.75,15,15.25,15.5,15.75,16,16.25,16.5,16.75,17,17.25,17.5,17.75,18,18.25,18.5,18.75,19,19.25,19.5,19.75,20,20.25,20.5,20.75,NA,NA,NA,NA
9,9.25,9.5,9.75,10,10.25,10.5,10.75,11,11.25,11.5,11.75,12,12.25,12.5,12.75,13,13.25,13.5,13.75,14,14.25,14.5,14.75,15,15.25,15.5,15.75,16,16.25,16.5,16.75,17,17.25,17.5,17.75
10,10.25,10.5,10.75,11,11.25,11.5,11.75,12,12.25,12.5,12.75,13,13.25,13.5,13.75,14,14.25,14.5,14.75,15,15.25,15.5,15.75,16,16.25,16.5,16.75,17,17.25,17.5,17.75,NA,NA,NA,NA
10,10.25,10.5,10.75,11,11.25,11.5,11.75,12,12.25,12.5,12.75,13,13.25,13.5,13.75,14,14.25,14.5,14.75,15,15.25,15.5,15.75,16,16.25,16.5,16.75,17,17.25,17.5,17.75,18,18.25,18.5,18.75
10,10.25,10.5,10.75,11,11.25,11.5,11.75,12,12.25,12.5,12.75,13,13.25,13.5,13.75,14,14.25,14.5,14.75,15,15.25,15.5,15.75,16,16.25,16.5,16.75,17,17.25,17.5,17.75,NA,NA,NA,NA
10,10.25,10.5,10.75,11,11.25,11.5,11.75,12,12.25,12.5,12.75,13,13.25,13.5,13.75,14,14.25,14.5,14.75,15,15.25,15.5,15.75,16,16.25,16.5,16.75,17,17.25,17.5,17.75,18,18.25,18.5,18.75
10,10.25,10.5,10.75,11,11.25,11.5,11.75,12,12.25,12.5,12.75,13,13.25,13.5,13.75,14,14.25,14.5,14.75,15,15.25,15.5,15.75,16,16.25,16.5,16.75,17,17.25,17.5,17.75,18,18.25,18.5,18.75
14,14.25,14.5,14.75,15,15.25,15.5,15.75,16,16.25,16.5,16.75,17,17.25,17.5,17.75,18,18.25,18.5,18.75,NA,NA,NA,NA,NA,NA,NA,NA,NA,NA,NA,NA,NA,NA,NA,NA
10,10.25,10.5,10.75,11,11.25,11.5,11.75,12,12.25,12.5,12.75,13,13.25,13.5,13.75,14,14.25,14.5,14.75,15,15.25,15.5,15.75,16,16.25,16.5,16.75,17,17.25,17.5,17.75,18,18.25,18.5,18.75
12,12.25,12.5,12.75,13,13.25,13.5,13.75,14,14.25,14.5,14.75,15,15.25,15.5,15.75,16,16.25,16.5,16.75,17,17.25,17.5,17.75,18,18.25,18.5,18.75,NA,NA,NA,NA,NA,NA,NA,NA
10,10.25,10.5,10.75,11,11.25,11.5,11.75,12,12.25,12.5,12.75,13,13.25,13.5,13.75,14,14.25,14.5,14.75,15,15.25,15.5,15.75,16,16.25,16.5,16.75,17,17.25,17.5,17.75,18,18.25,18.5,18.75
10,10.25,10.5,10.75,11,11.25,11.5,11.75,12,12.25,12.5,12.75,13,13.25,13.5,13.75,NA,NA,NA,NA,NA,NA,NA,NA,NA,NA,NA,NA,NA,NA,NA,NA,NA,NA,NA,NA
11,11.25,11.5,11.75,12,12.25,12.5,12.75,13,13.25,13.5,13.75,14,14.25,14.5,14.75,15,15.25,15.5,15.75,16,16.25,16.5,16.75,17,17.25,17.5,17.75,18,18.25,18.5,18.75,NA,NA,NA,NA
10,10.25,10.5,10.75,11,11.25,11.5,11.75,12,12.25,12.5,12.75,NA,NA,NA,NA,NA,NA,NA,NA,NA,NA,NA,NA,NA,NA,NA,NA,NA,NA,NA,NA,NA,NA,NA,NA
10,10.25,10.5,10.75,11,11.25,11.5,11.75,12,12.25,12.5,12.75,13,13.25,13.5,13.75,14,14.25,14.5,14.75,15,15.25,15.5,15.75,16,16.25,16.5,16.75,17,17.25,17.5,17.75,NA,NA,NA,NA
11,11.25,11.5,11.75,12,12.25,12.5,12.75,13,13.25,13.5,13.75,NA,NA,NA,NA,NA,NA,NA,NA,NA,NA,NA,NA,NA,NA,NA,NA,NA,NA,NA,NA,NA,NA,NA,NA
11,11.25,11.5,11.75,12,12.25,12.5,12.75,13,13.25,13.5,13.75,14,14.25,14.5,14.75,15,15.25,15.5,15.75,16,16.25,16.5,16.75,17,17.25,17.5,17.75,NA,NA,NA,NA,NA,NA,NA,NA
12,12.25,12.5,12.75,13,13.25,13.5,13.75,14,14.25,14.5,14.75,15,15.25,15.5,15.75,16,16.25,16.5,16.75,17,17.25,17.5,17.75,18,18.25,18.5,18.75,19,19.25,19.5,19.75,NA,NA,NA,NA
12,12.25,12.5,12.75,13,13.25,13.5,13.75,14,14.25,14.5,14.75,15,15.25,15.5,15.75,16,16.25,16.5,16.75,17,17.25,17.5,17.75,18,18.25,18.5,18.75,19,19.25,19.5,19.75,20,20.25,20.5,20.75
13,13.25,13.5,13.75,14,14.25,14.5,14.75,15,15.25,15.5,15.75,16,16.25,16.5,16.75,17,17.25,17.5,17.75,18,18.25,18.5,18.75,19,19.25,19.5,19.75,20,20.25,20.5,20.75,NA,NA,NA,NA
12,12.25,12.5,12.75,13,13.25,13.5,13.75,14,14.25,14.5,14.75,15,15.25,15.5,15.75,16,16.25,16.5,16.75,17,17.25,17.5,17.75,18,18.25,18.5,18.75,19,19.25,19.5,19.75,NA,NA,NA,NA
13,13.25,13.5,13.75,14,14.25,14.5,14.75,15,15.25,15.5,15.75,16,16.25,16.5,16.75,17,17.25,17.5,17.75,18,18.25,18.5,18.75,19,19.25,19.5,19.75,20,20.25,20.5,20.75,NA,NA,NA,NA
12,12.25,12.5,12.75,13,13.25,13.5,13.75,14,14.25,14.5,14.75,NA,NA,NA,NA,NA,NA,NA,NA,NA,NA,NA,NA,NA,NA,NA,NA,NA,NA,NA,NA,NA,NA,NA,NA
12,12.25,12.5,12.75,13,13.25,13.5,13.75,14,14.25,14.5,14.75,15,15.25,15.5,15.75,16,16.25,16.5,16.75,17,17.25,17.5,17.75,18,18.25,18.5,18.75,19,19.25,19.5,19.75,NA,NA,NA,NA
13,13.25,13.5,13.75,14,14.25,14.5,14.75,15,15.25,15.5,15.75,16,16.25,16.5,16.75,17,17.25,17.5,17.75,NA,NA,NA,NA,NA,NA,NA,NA,NA,NA,NA,NA,NA,NA,NA,NA
12,12.25,12.5,12.75,13,13.25,13.5,13.75,14,14.25,14.5,14.75,NA,NA,NA,NA,NA,NA,NA,NA,NA,NA,NA,NA,NA,NA,NA,NA,NA,NA,NA,NA,NA,NA,NA,NA
12,12.25,12.5,12.75,13,13.25,13.5,13.75,14,14.25,14.5,14.75,15,15.25,15.5,15.75,16,16.25,16.5,16.75,17,17.25,17.5,17.75,18,18.25,18.5,18.75,19,19.25,19.5,19.75,NA,NA,NA,NA
12,12.25,12.5,12.75,13,13.25,13.5,13.75,14,14.25,14.5,14.75,15,15.25,15.5,15.75,16,16.25,16.5,16.75,17,17.25,17.5,17.75,18,18.25,18.5,18.75,19,19.25,19.5,19.75,20,20.25,20.5,20.75
12,12.25,12.5,12.75,13,13.25,13.5,13.75,14,14.25,14.5,14.75,15,15.25,15.5,15.75,16,16.25,16.5,16.75,17,17.25,17.5,17.75,18,18.25,18.5,18.75,NA,NA,NA,NA,NA,NA,NA,NA
12,12.25,12.5,12.75,13,13.25,13.5,13.75,14,14.25,14.5,14.75,15,15.25,15.5,15.75,16,16.25,16.5,16.75,17,17.25,17.5,17.75,18,18.25,18.5,18.75,19,19.25,19.5,19.75,NA,NA,NA,NA
12,12.25,12.5,12.75,13,13.25,13.5,13.75,14,14.25,14.5,14.75,15,15.25,15.5,15.75,NA,NA,NA,NA,NA,NA,NA,NA,NA,NA,NA,NA,NA,NA,NA,NA,NA,NA,NA,NA
12,12.25,12.5,12.75,13,13.25,13.5,13.75,14,14.25,14.5,14.75,15,15.25,15.5,15.75,16,16.25,16.5,16.75,17,17.25,17.5,17.75,18,18.25,18.5,18.75,19,19.25,19.5,19.75,NA,NA,NA,NA
12,12.25,12.5,12.75,13,13.25,13.5,13.75,14,14.25,14.5,14.75,15,15.25,15.5,15.75,16,16.25,16.5,16.75,17,17.25,17.5,17.75,18,18.25,18.5,18.75,19,19.25,19.5,19.75,NA,NA,NA,NA
11,11.25,11.5,11.75,12,12.25,12.5,12.75,13,13.25,13.5,13.75,14,14.25,14.5,14.75,15,15.25,15.5,15.75,16,16.25,16.5,16.75,17,17.25,17.5,17.75,18,18.25,18.5,18.75,19,19.25,19.5,19.75
12,12.25,12.5,12.75,13,13.25,13.5,13.75,14,14.25,14.5,14.75,NA,NA,NA,NA,NA,NA,NA,NA,NA,NA,NA,NA,NA,NA,NA,NA,NA,NA,NA,NA,NA,NA,NA,NA
11,11.25,11.5,11.75,12,12.25,12.5,12.75,13,13.25,13.5,13.75,14,14.25,14.5,14.75,15,15.25,15.5,15.75,16,16.25,16.5,16.75,17,17.25,17.5,17.75,18,18.25,18.5,18.75,NA,NA,NA,NA
13,13.25,13.5,13.75,14,14.25,14.5,14.75,15,15.25,15.5,15.75,16,16.25,16.5,16.75,17,17.25,17.5,17.75,18,18.25,18.5,18.75,NA,NA,NA,NA,NA,NA,NA,NA,NA,NA,NA,NA
11,11.25,11.5,11.75,12,12.25,12.5,12.75,13,13.25,13.5,13.75,14,14.25,14.5,14.75,15,15.25,15.5,15.75,16,16.25,16.5,16.75,17,17.25,17.5,17.75,18,18.25,18.5,18.75,NA,NA,NA,NA
14,14.25,14.5,14.75,15,15.25,15.5,15.75,16,16.25,16.5,16.75,17,17.25,17.5,17.75,18,18.25,18.5,18.75,19,19.25,19.5,19.75,NA,NA,NA,NA,NA,NA,NA,NA,NA,NA,NA,NA
12,12.25,12.5,12.75,13,13.25,13.5,13.75,14,14.25,14.5,14.75,15,15.25,15.5,15.75,16,16.25,16.5,16.75,17,17.25,17.5,17.75,18,18.25,18.5,18.75,NA,NA,NA,NA,NA,NA,NA,NA
11,11.25,11.5,11.75,12,12.25,12.5,12.75,13,13.25,13.5,13.75,14,14.25,14.5,14.75,15,15.25,15.5,15.75,16,16.25,16.5,16.75,17,17.25,17.5,17.75,18,18.25,18.5,18.75,NA,NA,NA,NA
12,12.25,12.5,12.75,13,13.25,13.5,13.75,NA,NA,NA,NA,NA,NA,NA,NA,NA,NA,NA,NA,NA,NA,NA,NA,NA,NA,NA,NA,NA,NA,NA,NA,NA,NA,NA,NA
12,12.25,12.5,12.75,13,13.25,13.5,13.75,14,14.25,14.5,14.75,15,15.25,15.5,15.75,16,16.25,16.5,16.75,17,17.25,17.5,17.75,18,18.25,18.5,18.75,19,19.25,19.5,19.75,NA,NA,NA,NA
10,10.25,10.5,10.75,11,11.25,11.5,11.75,12,12.25,12.5,12.75,13,13.25,13.5,13.75,14,14.25,14.5,14.75,15,15.25,15.5,15.75,16,16.25,16.5,16.75,17,17.25,17.5,17.75,18,18.25,18.5,18.75
11,11.25,11.5,11.75,12,12.25,12.5,12.75,13,13.25,13.5,13.75,14,14.25,14.5,14.75,15,15.25,15.5,15.75,16,16.25,16.5,16.75,17,17.25,17.5,17.75,18,18.25,18.5,18.75,19,19.25,19.5,19.75
12,12.25,12.5,12.75,13,13.25,13.5,13.75,14,14.25,14.5,14.75,15,15.25,15.5,15.75,16,16.25,16.5,16.75,17,17.25,17.5,17.75,18,18.25,18.5,18.75,NA,NA,NA,NA,NA,NA,NA,NA
12,12.25,12.5,12.75,13,13.25,13.5,13.75,14,14.25,14.5,14.75,15,15.25,15.5,15.75,16,16.25,16.5,16.75,17,17.25,17.5,17.75,18,18.25,18.5,18.75,NA,NA,NA,NA,NA,NA,NA,NA
13,13.25,13.5,13.75,14,14.25,14.5,14.75,NA,NA,NA,NA,NA,NA,NA,NA,NA,NA,NA,NA,NA,NA,NA,NA,NA,NA,NA,NA,NA,NA,NA,NA,NA,NA,NA,NA
1,1.25,1.5,1.75,2,2.25,2.5,2.75,3,3.25,3.5,3.75,4,4.25,4.5,4.75,5,5.25,5.5,5.75,6,6.25,6.5,6.75,7,7.25,7.5,7.75,8,8.25,8.5,8.75,NA,NA,NA,NA
0,0.25,0.5,0.75,1,1.25,1.5,1.75,2,2.25,2.5,2.75,3,3.25,3.5,3.75,4,4.25,4.5,4.75,5,5.25,5.5,5.75,6,6.25,6.5,6.75,7,7.25,7.5,7.75,NA,NA,NA,NA
4,4.25,4.5,4.75,5,5.25,5.5,5.75,6,6.25,6.5,6.75,7,7.25,7.5,7.75,8,8.25,8.5,8.75,9,9.25,9.5,9.75,10,10.25,10.5,10.75,11,11.25,11.5,11.75,NA,NA,NA,NA
0,0.25,0.5,0.75,1,1.25,1.5,1.75,2,2.25,2.5,2.75,3,3.25,3.5,3.75,4,4.25,4.5,4.75,5,5.25,5.5,5.75,6,6.25,6.5,6.75,7,7.25,7.5,7.75,NA,NA,NA,NA
1,1.25,1.5,1.75,2,2.25,2.5,2.75,3,3.25,3.5,3.75,4,4.25,4.5,4.75,5,5.25,5.5,5.75,6,6.25,6.5,6.75,7,7.25,7.5,7.75,NA,NA,NA,NA,NA,NA,NA,NA
0,0.25,0.5,0.75,1,1.25,1.5,1.75,2,2.25,2.5,2.75,3,3.25,3.5,3.75,4,4.25,4.5,4.75,5,5.25,5.5,5.75,6,6.25,6.5,6.75,7,7.25,7.5,7.75,NA,NA,NA,NA
1,1.25,1.5,1.75,2,2.25,2.5,2.75,3,3.25,3.5,3.75,4,4.25,4.5,4.75,5,5.25,5.5,5.75,6,6.25,6.5,6.75,7,7.25,7.5,7.75,NA,NA,NA,NA,NA,NA,NA,NA
6,6.25,6.5,6.75,7,7.25,7.5,7.75,8,8.25,8.5,8.75,9,9.25,9.5,9.75,10,10.25,10.5,10.75,NA,NA,NA,NA,NA,NA,NA,NA,NA,NA,NA,NA,NA,NA,NA,NA
0,0.25,0.5,0.75,1,1.25,1.5,1.75,2,2.25,2.5,2.75,3,3.25,3.5,3.75,4,4.25,4.5,4.75,5,5.25,5.5,5.75,6,6.25,6.5,6.75,7,7.25,7.5,7.75,NA,NA,NA,NA
1,1.25,1.5,1.75,2,2.25,2.5,2.75,3,3.25,3.5,3.75,4,4.25,4.5,4.75,5,5.25,5.5,5.75,6,6.25,6.5,6.75,7,7.25,7.5,7.75,8,8.25,8.5,8.75,NA,NA,NA,NA
0,0.25,0.5,0.75,1,1.25,1.5,1.75,2,2.25,2.5,2.75,3,3.25,3.5,3.75,4,4.25,4.5,4.75,5,5.25,5.5,5.75,6,6.25,6.5,6.75,7,7.25,7.5,7.75,NA,NA,NA,NA
1,1.25,1.5,1.75,2,2.25,2.5,2.75,3,3.25,3.5,3.75,4,4.25,4.5,4.75,5,5.25,5.5,5.75,6,6.25,6.5,6.75,7,7.25,7.5,7.75,8,8.25,8.5,8.75,NA,NA,NA,NA
0,0.25,0.5,0.75,1,1.25,1.5,1.75,2,2.25,2.5,2.75,3,3.25,3.5,3.75,4,4.25,4.5,4.75,5,5.25,5.5,5.75,6,6.25,6.5,6.75,7,7.25,7.5,7.75,NA,NA,NA,NA
0,0.25,0.5,0.75,1,1.25,1.5,1.75,2,2.25,2.5,2.75,3,3.25,3.5,3.75,4,4.25,4.5,4.75,5,5.25,5.5,5.75,6,6.25,6.5,6.75,7,7.25,7.5,7.75,NA,NA,NA,NA
1,1.25,1.5,1.75,2,2.25,2.5,2.75,3,3.25,3.5,3.75,4,4.25,4.5,4.75,5,5.25,5.5,5.75,6,6.25,6.5,6.75,7,7.25,7.5,7.75,8,8.25,8.5,8.75,NA,NA,NA,NA
2,2.25,2.5,2.75,3,3.25,3.5,3.75,4,4.25,4.5,4.75,5,5.25,5.5,5.75,6,6.25,6.5,6.75,7,7.25,7.5,7.75,8,8.25,8.5,8.75,9,9.25,9.5,9.75,NA,NA,NA,NA
1,1.25,1.5,1.75,2,2.25,2.5,2.75,3,3.25,3.5,3.75,4,4.25,4.5,4.75,5,5.25,5.5,5.75,6,6.25,6.5,6.75,7,7.25,7.5,7.75,8,8.25,8.5,8.75,NA,NA,NA,NA
0,0.25,0.5,0.75,1,1.25,1.5,1.75,2,2.25,2.5,2.75,3,3.25,3.5,3.75,4,4.25,4.5,4.75,5,5.25,5.5,5.75,6,6.25,6.5,6.75,7,7.25,7.5,7.75,NA,NA,NA,NA
13,13.25,13.5,13.75,14,14.25,14.5,14.75,15,15.25,15.5,15.75,16,16.25,16.5,16.75,17,17.25,17.5,17.75,18,18.25,18.5,18.75,NA,NA,NA,NA,NA,NA,NA,NA,NA,NA,NA,NA
1,1.25,1.5,1.75,2,2.25,2.5,2.75,3,3.25,3.5,3.75,4,4.25,4.5,4.75,5,5.25,5.5,5.75,6,6.25,6.5,6.75,7,7.25,7.5,7.75,NA,NA,NA,NA,NA,NA,NA,NA
2,2.25,2.5,2.75,3,3.25,3.5,3.75,4,4.25,4.5,4.75,5,5.25,5.5,5.75,6,6.25,6.5,6.75,7,7.25,7.5,7.75,8,8.25,8.5,8.75,NA,NA,NA,NA,NA,NA,NA,NA
0,0.25,0.5,0.75,1,1.25,1.5,1.75,2,2.25,2.5,2.75,3,3.25,3.5,3.75,4,4.25,4.5,4.75,5,5.25,5.5,5.75,6,6.25,6.5,6.75,7,7.25,7.5,7.75,NA,NA,NA,NA
0,0.25,0.5,0.75,1,1.25,1.5,1.75,2,2.25,2.5,2.75,3,3.25,3.5,3.75,4,4.25,4.5,4.75,5,5.25,5.5,5.75,6,6.25,6.5,6.75,7,7.25,7.5,7.75,NA,NA,NA,NA
1,1.25,1.5,1.75,2,2.25,2.5,2.75,3,3.25,3.5,3.75,4,4.25,4.5,4.75,5,5.25,5.5,5.75,6,6.25,6.5,6.75,7,7.25,7.5,7.75,8,8.25,8.5,8.75,NA,NA,NA,NA
1,1.25,1.5,1.75,2,2.25,2.5,2.75,3,3.25,3.5,3.75,4,4.25,4.5,4.75,5,5.25,5.5,5.75,6,6.25,6.5,6.75,7,7.25,7.5,7.75,NA,NA,NA,NA,NA,NA,NA,NA
1,1.25,1.5,1.75,2,2.25,2.5,2.75,3,3.25,3.5,3.75,4,4.25,4.5,4.75,5,5.25,5.5,5.75,6,6.25,6.5,6.75,7,7.25,7.5,7.75,NA,NA,NA,NA,NA,NA,NA,NA
1,1.25,1.5,1.75,2,2.25,2.5,2.75,3,3.25,3.5,3.75,4,4.25,4.5,4.75,5,5.25,5.5,5.75,6,6.25,6.5,6.75,7,7.25,7.5,7.75,NA,NA,NA,NA,NA,NA,NA,NA
1,1.25,1.5,1.75,2,2.25,2.5,2.75,3,3.25,3.5,3.75,4,4.25,4.5,4.75,5,5.25,5.5,5.75,6,6.25,6.5,6.75,7,7.25,7.5,7.75,NA,NA,NA,NA,NA,NA,NA,NA
2,2.25,2.5,2.75,3,3.25,3.5,3.75,4,4.25,4.5,4.75,5,5.25,5.5,5.75,6,6.25,6.5,6.75,7,7.25,7.5,7.75,8,8.25,8.5,8.75,NA,NA,NA,NA,NA,NA,NA,NA
1,1.25,1.5,1.75,2,2.25,2.5,2.75,3,3.25,3.5,3.75,4,4.25,4.5,4.75,5,5.25,5.5,5.75,6,6.25,6.5,6.75,7,7.25,7.5,7.75,NA,NA,NA,NA,NA,NA,NA,NA
5,5.25,5.5,5.75,6,6.25,6.5,6.75,7,7.25,7.5,7.75,8,8.25,8.5,8.75,9,9.25,9.5,9.75,10,10.25,10.5,10.75,11,11.25,11.5,11.75,12,12.25,12.5,12.75,NA,NA,NA,NA
1,1.25,1.5,1.75,2,2.25,2.5,2.75,3,3.25,3.5,3.75,4,4.25,4.5,4.75,5,5.25,5.5,5.75,6,6.25,6.5,6.75,7,7.25,7.5,7.75,NA,NA,NA,NA,NA,NA,NA,NA
3,3.25,3.5,3.75,4,4.25,4.5,4.75,5,5.25,5.5,5.75,6,6.25,6.5,6.75,7,7.25,7.5,7.75,NA,NA,NA,NA,NA,NA,NA,NA,NA,NA,NA,NA,NA,NA,NA,NA
3,3.25,3.5,3.75,4,4.25,4.5,4.75,5,5.25,5.5,5.75,6,6.25,6.5,6.75,7,7.25,7.5,7.75,8,8.25,8.5,8.75,9,9.25,9.5,9.75,NA,NA,NA,NA,NA,NA,NA,NA
0,0.25,0.5,0.75,1,1.25,1.5,1.75,2,2.25,2.5,2.75,3,3.25,3.5,3.75,4,4.25,4.5,4.75,5,5.25,5.5,5.75,6,6.25,6.5,6.75,7,7.25,7.5,7.75,NA,NA,NA,NA
2,2.25,2.5,2.75,3,3.25,3.5,3.75,NA,NA,NA,NA,NA,NA,NA,NA,NA,NA,NA,NA,NA,NA,NA,NA,NA,NA,NA,NA,NA,NA,NA,NA,NA,NA,NA,NA
11,11.25,11.5,11.75,12,12.25,12.5,12.75,NA,NA,NA,NA,NA,NA,NA,NA,NA,NA,NA,NA,NA,NA,NA,NA,NA,NA,NA,NA,NA,NA,NA,NA,NA,NA,NA,NA
1,1.25,1.5,1.75,2,2.25,2.5,2.75,3,3.25,3.5,3.75,4,4.25,4.5,4.75,5,5.25,5.5,5.75,6,6.25,6.5,6.75,7,7.25,7.5,7.75,NA,NA,NA,NA,NA,NA,NA,NA
4,4.25,4.5,4.75,5,5.25,5.5,5.75,6,6.25,6.5,6.75,7,7.25,7.5,7.75,8,8.25,8.5,8.75,9,9.25,9.5,9.75,10,10.25,10.5,10.75,NA,NA,NA,NA,NA,NA,NA,NA
2,2.25,2.5,2.75,3,3.25,3.5,3.75,4,4.25,4.5,4.75,5,5.25,5.5,5.75,6,6.25,6.5,6.75,7,7.25,7.5,7.75,NA,NA,NA,NA,NA,NA,NA,NA,NA,NA,NA,NA
6,6.25,6.5,6.75,7,7.25,7.5,7.75,8,8.25,8.5,8.75,9,9.25,9.5,9.75,10,10.25,10.5,10.75,11,11.25,11.5,11.75,NA,NA,NA,NA,NA,NA,NA,NA,NA,NA,NA,NA
0,0.25,0.5,0.75,1,1.25,1.5,1.75,2,2.25,2.5,2.75,3,3.25,3.5,3.75,4,4.25,4.5,4.75,5,5.25,5.5,5.75,6,6.25,6.5,6.75,7,7.25,7.5,7.75,NA,NA,NA,NA
1,1.25,1.5,1.75,2,2.25,2.5,2.75,NA,NA,NA,NA,NA,NA,NA,NA,NA,NA,NA,NA,NA,NA,NA,NA,NA,NA,NA,NA,NA,NA,NA,NA,NA,NA,NA,NA
10,10.25,10.5,10.75,11,11.25,11.5,11.75,NA,NA,NA,NA,NA,NA,NA,NA,NA,NA,NA,NA,NA,NA,NA,NA,NA,NA,NA,NA,NA,NA,NA,NA,NA,NA,NA,NA
3,3.25,3.5,3.75,4,4.25,4.5,4.75,5,5.25,5.5,5.75,6,6.25,6.5,6.75,7,7.25,7.5,7.75,8,8.25,8.5,8.75,9,9.25,9.5,9.75,NA,NA,NA,NA,NA,NA,NA,NA
1,1.25,1.5,1.75,2,2.25,2.5,2.75,3,3.25,3.5,3.75,4,4.25,4.5,4.75,5,5.25,5.5,5.75,6,6.25,6.5,6.75,7,7.25,7.5,7.75,NA,NA,NA,NA,NA,NA,NA,NA
3,3.25,3.5,3.75,4,4.25,4.5,4.75,5,5.25,5.5,5.75,6,6.25,6.5,6.75,7,7.25,7.5,7.75,8,8.25,8.5,8.75,9,9.25,9.5,9.75,10,10.25,10.5,10.75,NA,NA,NA,NA
1,1.25,1.5,1.75,2,2.25,2.5,2.75,3,3.25,3.5,3.75,4,4.25,4.5,4.75,5,5.25,5.5,5.75,6,6.25,6.5,6.75,7,7.25,7.5,7.75,8,8.25,8.5,8.75,NA,NA,NA,NA
0,0.25,0.5,0.75,1,1.25,1.5,1.75,2,2.25,2.5,2.75,3,3.25,3.5,3.75,4,4.25,4.5,4.75,5,5.25,5.5,5.75,6,6.25,6.5,6.75,7,7.25,7.5,7.75,NA,NA,NA,NA
10,10.25,10.5,10.75,11,11.25,11.5,11.75,12,12.25,12.5,12.75,13,13.25,13.5,13.75,14,14.25,14.5,14.75,15,15.25,15.5,15.75,16,16.25,16.5,16.75,17,17.25,17.5,17.75,NA,NA,NA,NA
2,2.25,2.5,2.75,3,3.25,3.5,3.75,4,4.25,4.5,4.75,5,5.25,5.5,5.75,6,6.25,6.5,6.75,7,7.25,7.5,7.75,8,8.25,8.5,8.75,NA,NA,NA,NA,NA,NA,NA,NA
6,6.25,6.5,6.75,7,7.25,7.5,7.75,8,8.25,8.5,8.75,9,9.25,9.5,9.75,10,10.25,10.5,10.75,NA,NA,NA,NA,NA,NA,NA,NA,NA,NA,NA,NA,NA,NA,NA,NA
5,5.25,5.5,5.75,6,6.25,6.5,6.75,7,7.25,7.5,7.75,8,8.25,8.5,8.75,NA,NA,NA,NA,NA,NA,NA,NA,NA,NA,NA,NA,NA,NA,NA,NA,NA,NA,NA,NA
1,1.25,1.5,1.75,2,2.25,2.5,2.75,3,3.25,3.5,3.75,4,4.25,4.5,4.75,5,5.25,5.5,5.75,6,6.25,6.5,6.75,7,7.25,7.5,7.75,8,8.25,8.5,8.75,NA,NA,NA,NA
8,8.25,8.5,8.75,9,9.25,9.5,9.75,10,10.25,10.5,10.75,11,11.25,11.5,11.75,12,12.25,12.5,12.75,13,13.25,13.5,13.75,14,14.25,14.5,14.75,NA,NA,NA,NA,NA,NA,NA,NA
1,1.25,1.5,1.75,2,2.25,2.5,2.75,3,3.25,3.5,3.75,4,4.25,4.5,4.75,5,5.25,5.5,5.75,6,6.25,6.5,6.75,7,7.25,7.5,7.75,8,8.25,8.5,8.75,NA,NA,NA,NA
2,2.25,2.5,2.75,3,3.25,3.5,3.75,4,4.25,4.5,4.75,5,5.25,5.5,5.75,6,6.25,6.5,6.75,7,7.25,7.5,7.75,8,8.25,8.5,8.75,NA,NA,NA,NA,NA,NA,NA,NA
2,2.25,2.5,2.75,3,3.25,3.5,3.75,4,4.25,4.5,4.75,5,5.25,5.5,5.75,6,6.25,6.5,6.75,7,7.25,7.5,7.75,8,8.25,8.5,8.75,NA,NA,NA,NA,NA,NA,NA,NA
0,0.25,0.5,0.75,1,1.25,1.5,1.75,2,2.25,2.5,2.75,3,3.25,3.5,3.75,4,4.25,4.5,4.75,5,5.25,5.5,5.75,6,6.25,6.5,6.75,7,7.25,7.5,7.75,NA,NA,NA,NA
2,2.25,2.5,2.75,3,3.25,3.5,3.75,4,4.25,4.5,4.75,5,5.25,5.5,5.75,6,6.25,6.5,6.75,7,7.25,7.5,7.75,8,8.25,8.5,8.75,NA,NA,NA,NA,NA,NA,NA,NA
2,2.25,2.5,2.75,3,3.25,3.5,3.75,4,4.25,4.5,4.75,5,5.25,5.5,5.75,6,6.25,6.5,6.75,7,7.25,7.5,7.75,8,8.25,8.5,8.75,NA,NA,NA,NA,NA,NA,NA,NA
1,1.25,1.5,1.75,2,2.25,2.5,2.75,3,3.25,3.5,3.75,NA,NA,NA,NA,NA,NA,NA,NA,NA,NA,NA,NA,NA,NA,NA,NA,NA,NA,NA,NA,NA,NA,NA,NA
7,7.25,7.5,7.75,8,8.25,8.5,8.75,9,9.25,9.5,9.75,10,10.25,10.5,10.75,11,11.25,11.5,11.75,12,12.25,12.5,12.75,13,13.25,13.5,13.75,NA,NA,NA,NA,NA,NA,NA,NA
0,0.25,0.5,0.75,1,1.25,1.5,1.75,2,2.25,2.5,2.75,3,3.25,3.5,3.75,4,4.25,4.5,4.75,5,5.25,5.5,5.75,6,6.25,6.5,6.75,NA,NA,NA,NA,NA,NA,NA,NA
2,2.25,2.5,2.75,3,3.25,3.5,3.75,4,4.25,4.5,4.75,5,5.25,5.5,5.75,NA,NA,NA,NA,NA,NA,NA,NA,NA,NA,NA,NA,NA,NA,NA,NA,NA,NA,NA,NA
2,2.25,2.5,2.75,3,3.25,3.5,3.75,NA,NA,NA,NA,NA,NA,NA,NA,NA,NA,NA,NA,NA,NA,NA,NA,NA,NA,NA,NA,NA,NA,NA,NA,NA,NA,NA,NA
1,1.25,1.5,1.75,2,2.25,2.5,2.75,3,3.25,3.5,3.75,4,4.25,4.5,4.75,5,5.25,5.5,5.75,6,6.25,6.5,6.75,7,7.25,7.5,7.75,NA,NA,NA,NA,NA,NA,NA,NA
1,1.25,1.5,1.75,2,2.25,2.5,2.75,3,3.25,3.5,3.75,NA,NA,NA,NA,NA,NA,NA,NA,NA,NA,NA,NA,NA,NA,NA,NA,NA,NA,NA,NA,NA,NA,NA,NA
6,6.25,6.5,6.75,7,7.25,7.5,7.75,8,8.25,8.5,8.75,9,9.25,9.5,9.75,10,10.25,10.5,10.75,11,11.25,11.5,11.75,12,12.25,12.5,12.75,13,13.25,13.5,13.75,NA,NA,NA,NA
0,0.25,0.5,0.75,1,1.25,1.5,1.75,2,2.25,2.5,2.75,3,3.25,3.5,3.75,4,4.25,4.5,4.75,5,5.25,5.5,5.75,6,6.25,6.5,6.75,7,7.25,7.5,7.75,NA,NA,NA,NA
2,2.25,2.5,2.75,3,3.25,3.5,3.75,4,4.25,4.5,4.75,5,5.25,5.5,5.75,6,6.25,6.5,6.75,7,7.25,7.5,7.75,NA,NA,NA,NA,NA,NA,NA,NA,NA,NA,NA,NA
3,3.25,3.5,3.75,4,4.25,4.5,4.75,5,5.25,5.5,5.75,NA,NA,NA,NA,NA,NA,NA,NA,NA,NA,NA,NA,NA,NA,NA,NA,NA,NA,NA,NA,NA,NA,NA,NA
3,3.25,3.5,3.75,4,4.25,4.5,4.75,5,5.25,5.5,5.75,6,6.25,6.5,6.75,7,7.25,7.5,7.75,8,8.25,8.5,8.75,NA,NA,NA,NA,NA,NA,NA,NA,NA,NA,NA,NA
0,0.25,0.5,0.75,1,1.25,1.5,1.75,2,2.25,2.5,2.75,3,3.25,3.5,3.75,4,4.25,4.5,4.75,5,5.25,5.5,5.75,6,6.25,6.5,6.75,7,7.25,7.5,7.75,NA,NA,NA,NA
4,4.25,4.5,4.75,5,5.25,5.5,5.75,6,6.25,6.5,6.75,7,7.25,7.5,7.75,8,8.25,8.5,8.75,9,9.25,9.5,9.75,10,10.25,10.5,10.75,11,11.25,11.5,11.75,NA,NA,NA,NA
1,1.25,1.5,1.75,2,2.25,2.5,2.75,3,3.25,3.5,3.75,4,4.25,4.5,4.75,5,5.25,5.5,5.75,6,6.25,6.5,6.75,7,7.25,7.5,7.75,NA,NA,NA,NA,NA,NA,NA,NA
3,3.25,3.5,3.75,NA,NA,NA,NA,NA,NA,NA,NA,NA,NA,NA,NA,NA,NA,NA,NA,NA,NA,NA,NA,NA,NA,NA,NA,NA,NA,NA,NA,NA,NA,NA,NA
1,1.25,1.5,1.75,2,2.25,2.5,2.75,3,3.25,3.5,3.75,4,4.25,4.5,4.75,5,5.25,5.5,5.75,6,6.25,6.5,6.75,7,7.25,7.5,7.75,NA,NA,NA,NA,NA,NA,NA,NA
2,2.25,2.5,2.75,3,3.25,3.5,3.75,4,4.25,4.5,4.75,5,5.25,5.5,5.75,6,6.25,6.5,6.75,7,7.25,7.5,7.75,8,8.25,8.5,8.75,9,9.25,9.5,9.75,NA,NA,NA,NA
0,0.25,0.5,0.75,1,1.25,1.5,1.75,2,2.25,2.5,2.75,3,3.25,3.5,3.75,4,4.25,4.5,4.75,5,5.25,5.5,5.75,6,6.25,6.5,6.75,7,7.25,7.5,7.75,NA,NA,NA,NA
1,1.25,1.5,1.75,2,2.25,2.5,2.75,3,3.25,3.5,3.75,4,4.25,4.5,4.75,5,5.25,5.5,5.75,6,6.25,6.5,6.75,7,7.25,7.5,7.75,NA,NA,NA,NA,NA,NA,NA,NA
7,7.25,7.5,7.75,8,8.25,8.5,8.75,9,9.25,9.5,9.75,10,10.25,10.5,10.75,11,11.25,11.5,11.75,12,12.25,12.5,12.75,13,13.25,13.5,13.75,14,14.25,14.5,14.75,NA,NA,NA,NA
0,0.25,0.5,0.75,1,1.25,1.5,1.75,2,2.25,2.5,2.75,3,3.25,3.5,3.75,4,4.25,4.5,4.75,5,5.25,5.5,5.75,6,6.25,6.5,6.75,7,7.25,7.5,7.75,NA,NA,NA,NA
3,3.25,3.5,3.75,4,4.25,4.5,4.75,5,5.25,5.5,5.75,6,6.25,6.5,6.75,7,7.25,7.5,7.75,8,8.25,8.5,8.75,9,9.25,9.5,9.75,10,10.25,10.5,10.75,NA,NA,NA,NA
3,3.25,3.5,3.75,4,4.25,4.5,4.75,5,5.25,5.5,5.75,6,6.25,6.5,6.75,7,7.25,7.5,7.75,NA,NA,NA,NA,NA,NA,NA,NA,NA,NA,NA,NA,NA,NA,NA,NA
0,0.25,0.5,0.75,1,1.25,1.5,1.75,2,2.25,2.5,2.75,3,3.25,3.5,3.75,4,4.25,4.5,4.75,5,5.25,5.5,5.75,6,6.25,6.5,6.75,7,7.25,7.5,7.75,NA,NA,NA,NA
3,3.25,3.5,3.75,4,4.25,4.5,4.75,5,5.25,5.5,5.75,6,6.25,6.5,6.75,7,7.25,7.5,7.75,8,8.25,8.5,8.75,NA,NA,NA,NA,NA,NA,NA,NA,NA,NA,NA,NA
4,4.25,4.5,4.75,5,5.25,5.5,5.75,6,6.25,6.5,6.75,7,7.25,7.5,7.75,NA,NA,NA,NA,NA,NA,NA,NA,NA,NA,NA,NA,NA,NA,NA,NA,NA,NA,NA,NA
5,5.25,5.5,5.75,6,6.25,6.5,6.75,7,7.25,7.5,7.75,NA,NA,NA,NA,NA,NA,NA,NA,NA,NA,NA,NA,NA,NA,NA,NA,NA,NA,NA,NA,NA,NA,NA,NA
2,2.25,2.5,2.75,3,3.25,3.5,3.75,4,4.25,4.5,4.75,5,5.25,5.5,5.75,6,6.25,6.5,6.75,7,7.25,7.5,7.75,8,8.25,8.5,8.75,9,9.25,9.5,9.75,NA,NA,NA,NA
3,3.25,3.5,3.75,4,4.25,4.5,4.75,5,5.25,5.5,5.75,6,6.25,6.5,6.75,7,7.25,7.5,7.75,8,8.25,8.5,8.75,9,9.25,9.5,9.75,10,10.25,10.5,10.75,NA,NA,NA,NA
2,2.25,2.5,2.75,3,3.25,3.5,3.75,NA,NA,NA,NA,NA,NA,NA,NA,NA,NA,NA,NA,NA,NA,NA,NA,NA,NA,NA,NA,NA,NA,NA,NA,NA,NA,NA,NA
1,1.25,1.5,1.75,2,2.25,2.5,2.75,3,3.25,3.5,3.75,4,4.25,4.5,4.75,5,5.25,5.5,5.75,6,6.25,6.5,6.75,7,7.25,7.5,7.75,NA,NA,NA,NA,NA,NA,NA,NA
0,0.25,0.5,0.75,1,1.25,1.5,1.75,2,2.25,2.5,2.75,3,3.25,3.5,3.75,4,4.25,4.5,4.75,5,5.25,5.5,5.75,6,6.25,6.5,6.75,7,7.25,7.5,7.75,NA,NA,NA,NA
0,0.25,0.5,0.75,1,1.25,1.5,1.75,2,2.25,2.5,2.75,NA,NA,NA,NA,NA,NA,NA,NA,NA,NA,NA,NA,NA,NA,NA,NA,NA,NA,NA,NA,NA,NA,NA,NA
4,4.25,4.5,4.75,5,5.25,5.5,5.75,6,6.25,6.5,6.75,7,7.25,7.5,7.75,8,8.25,8.5,8.75,9,9.25,9.5,9.75,10,10.25,10.5,10.75,11,11.25,11.5,11.75,NA,NA,NA,NA
0,0.25,0.5,0.75,1,1.25,1.5,1.75,2,2.25,2.5,2.75,3,3.25,3.5,3.75,NA,NA,NA,NA,NA,NA,NA,NA,NA,NA,NA,NA,NA,NA,NA,NA,NA,NA,NA,NA
1,1.25,1.5,1.75,2,2.25,2.5,2.75,3,3.25,3.5,3.75,NA,NA,NA,NA,NA,NA,NA,NA,NA,NA,NA,NA,NA,NA,NA,NA,NA,NA,NA,NA,NA,NA,NA,NA
1,1.25,1.5,1.75,2,2.25,2.5,2.75,3,3.25,3.5,3.75,4,4.25,4.5,4.75,5,5.25,5.5,5.75,6,6.25,6.5,6.75,7,7.25,7.5,7.75,NA,NA,NA,NA,NA,NA,NA,NA
0,0.25,0.5,0.75,1,1.25,1.5,1.75,2,2.25,2.5,2.75,3,3.25,3.5,3.75,4,4.25,4.5,4.75,5,5.25,5.5,5.75,6,6.25,6.5,6.75,7,7.25,7.5,7.75,NA,NA,NA,NA
6,6.25,6.5,6.75,7,7.25,7.5,7.75,8,8.25,8.5,8.75,9,9.25,9.5,9.75,10,10.25,10.5,10.75,11,11.25,11.5,11.75,12,12.25,12.5,12.75,NA,NA,NA,NA,NA,NA,NA,NA
1,1.25,1.5,1.75,2,2.25,2.5,2.75,3,3.25,3.5,3.75,NA,NA,NA,NA,NA,NA,NA,NA,NA,NA,NA,NA,NA,NA,NA,NA,NA,NA,NA,NA,NA,NA,NA,NA
4,4.25,4.5,4.75,5,5.25,5.5,5.75,6,6.25,6.5,6.75,7,7.25,7.5,7.75,8,8.25,8.5,8.75,9,9.25,9.5,9.75,NA,NA,NA,NA,NA,NA,NA,NA,NA,NA,NA,NA
2,2.25,2.5,2.75,3,3.25,3.5,3.75,4,4.25,4.5,4.75,5,5.25,5.5,5.75,6,6.25,6.5,6.75,7,7.25,7.5,7.75,8,8.25,8.5,8.75,9,9.25,9.5,9.75,NA,NA,NA,NA
0,0.25,0.5,0.75,1,1.25,1.5,1.75,2,2.25,2.5,2.75,3,3.25,3.5,3.75,4,4.25,4.5,4.75,5,5.25,5.5,5.75,6,6.25,6.5,6.75,7,7.25,7.5,7.75,8,8.25,8.5,8.75
4,4.25,4.5,4.75,5,5.25,5.5,5.75,6,6.25,6.5,6.75,7,7.25,7.5,7.75,8,8.25,8.5,8.75,9,9.25,9.5,9.75,10,10.25,10.5,10.75,NA,NA,NA,NA,NA,NA,NA,NA
0,0.25,0.5,0.75,1,1.25,1.5,1.75,2,2.25,2.5,2.75,3,3.25,3.5,3.75,4,4.25,4.5,4.75,5,5.25,5.5,5.75,6,6.25,6.5,6.75,7,7.25,7.5,7.75,8,8.25,8.5,8.75
1,1.25,1.5,1.75,2,2.25,2.5,2.75,3,3.25,3.5,3.75,4,4.25,4.5,4.75,5,5.25,5.5,5.75,6,6.25,6.5,6.75,7,7.25,7.5,7.75,8,8.25,8.5,8.75,NA,NA,NA,NA
1,1.25,1.5,1.75,2,2.25,2.5,2.75,3,3.25,3.5,3.75,NA,NA,NA,NA,NA,NA,NA,NA,NA,NA,NA,NA,NA,NA,NA,NA,NA,NA,NA,NA,NA,NA,NA,NA
9,9.25,9.5,9.75,10,10.25,10.5,10.75,11,11.25,11.5,11.75,NA,NA,NA,NA,NA,NA,NA,NA,NA,NA,NA,NA,NA,NA,NA,NA,NA,NA,NA,NA,NA,NA,NA,NA
2,2.25,2.5,2.75,3,3.25,3.5,3.75,4,4.25,4.5,4.75,5,5.25,5.5,5.75,6,6.25,6.5,6.75,7,7.25,7.5,7.75,8,8.25,8.5,8.75,NA,NA,NA,NA,NA,NA,NA,NA
9,9.25,9.5,9.75,10,10.25,10.5,10.75,11,11.25,11.5,11.75,12,12.25,12.5,12.75,13,13.25,13.5,13.75,14,14.25,14.5,14.75,15,15.25,15.5,15.75,16,16.25,16.5,16.75,NA,NA,NA,NA
1,1.25,1.5,1.75,2,2.25,2.5,2.75,3,3.25,3.5,3.75,4,4.25,4.5,4.75,5,5.25,5.5,5.75,6,6.25,6.5,6.75,7,7.25,7.5,7.75,8,8.25,8.5,8.75,NA,NA,NA,NA
3,3.25,3.5,3.75,4,4.25,4.5,4.75,5,5.25,5.5,5.75,6,6.25,6.5,6.75,7,7.25,7.5,7.75,8,8.25,8.5,8.75,9,9.25,9.5,9.75,NA,NA,NA,NA,NA,NA,NA,NA
2,2.25,2.5,2.75,3,3.25,3.5,3.75,4,4.25,4.5,4.75,5,5.25,5.5,5.75,6,6.25,6.5,6.75,7,7.25,7.5,7.75,8,8.25,8.5,8.75,NA,NA,NA,NA,NA,NA,NA,NA
2,2.25,2.5,2.75,3,3.25,3.5,3.75,4,4.25,4.5,4.75,5,5.25,5.5,5.75,6,6.25,6.5,6.75,7,7.25,7.5,7.75,8,8.25,8.5,8.75,9,9.25,9.5,9.75,NA,NA,NA,NA
1,1.25,1.5,1.75,2,2.25,2.5,2.75,3,3.25,3.5,3.75,4,4.25,4.5,4.75,NA,NA,NA,NA,NA,NA,NA,NA,NA,NA,NA,NA,NA,NA,NA,NA,NA,NA,NA,NA
3,3.25,3.5,3.75,4,4.25,4.5,4.75,5,5.25,5.5,5.75,6,6.25,6.5,6.75,7,7.25,7.5,7.75,8,8.25,8.5,8.75,9,9.25,9.5,9.75,10,10.25,10.5,10.75,NA,NA,NA,NA
3,3.25,3.5,3.75,4,4.25,4.5,4.75,5,5.25,5.5,5.75,6,6.25,6.5,6.75,7,7.25,7.5,7.75,8,8.25,8.5,8.75,9,9.25,9.5,9.75,NA,NA,NA,NA,NA,NA,NA,NA
2,2.25,2.5,2.75,3,3.25,3.5,3.75,4,4.25,4.5,4.75,5,5.25,5.5,5.75,6,6.25,6.5,6.75,7,7.25,7.5,7.75,8,8.25,8.5,8.75,9,9.25,9.5,9.75,NA,NA,NA,NA
1,1.25,1.5,1.75,2,2.25,2.5,2.75,3,3.25,3.5,3.75,4,4.25,4.5,4.75,5,5.25,5.5,5.75,6,6.25,6.5,6.75,7,7.25,7.5,7.75,8,8.25,8.5,8.75,NA,NA,NA,NA
1,1.25,1.5,1.75,2,2.25,2.5,2.75,3,3.25,3.5,3.75,4,4.25,4.5,4.75,5,5.25,5.5,5.75,6,6.25,6.5,6.75,7,7.25,7.5,7.75,8,8.25,8.5,8.75,9,9.25,9.5,9.75
4,4.25,4.5,4.75,5,5.25,5.5,5.75,6,6.25,6.5,6.75,7,7.25,7.5,7.75,8,8.25,8.5,8.75,9,9.25,9.5,9.75,NA,NA,NA,NA,NA,NA,NA,NA,NA,NA,NA,NA
1,1.25,1.5,1.75,2,2.25,2.5,2.75,3,3.25,3.5,3.75,4,4.25,4.5,4.75,5,5.25,5.5,5.75,6,6.25,6.5,6.75,7,7.25,7.5,7.75,8,8.25,8.5,8.75,9,9.25,9.5,9.75
2,2.25,2.5,2.75,3,3.25,3.5,3.75,4,4.25,4.5,4.75,NA,NA,NA,NA,NA,NA,NA,NA,NA,NA,NA,NA,NA,NA,NA,NA,NA,NA,NA,NA,NA,NA,NA,NA
3,3.25,3.5,3.75,4,4.25,4.5,4.75,5,5.25,5.5,5.75,6,6.25,6.5,6.75,7,7.25,7.5,7.75,8,8.25,8.5,8.75,9,9.25,9.5,9.75,10,10.25,10.5,10.75,NA,NA,NA,NA
4,4.25,4.5,4.75,5,5.25,5.5,5.75,6,6.25,6.5,6.75,7,7.25,7.5,7.75,8,8.25,8.5,8.75,9,9.25,9.5,9.75,10,10.25,10.5,10.75,11,11.25,11.5,11.75,NA,NA,NA,NA
5,5.25,5.5,5.75,6,6.25,6.5,6.75,7,7.25,7.5,7.75,8,8.25,8.5,8.75,9,9.25,9.5,9.75,10,10.25,10.5,10.75,11,11.25,11.5,11.75,12,12.25,12.5,12.75,NA,NA,NA,NA
11,11.25,11.5,11.75,12,12.25,12.5,12.75,13,13.25,13.5,13.75,NA,NA,NA,NA,NA,NA,NA,NA,NA,NA,NA,NA,NA,NA,NA,NA,NA,NA,NA,NA,NA,NA,NA,NA
2,2.25,2.5,2.75,3,3.25,3.5,3.75,4,4.25,4.5,4.75,5,5.25,5.5,5.75,6,6.25,6.5,6.75,7,7.25,7.5,7.75,8,8.25,8.5,8.75,9,9.25,9.5,9.75,NA,NA,NA,NA
3,3.25,3.5,3.75,4,4.25,4.5,4.75,5,5.25,5.5,5.75,6,6.25,6.5,6.75,7,7.25,7.5,7.75,8,8.25,8.5,8.75,NA,NA,NA,NA,NA,NA,NA,NA,NA,NA,NA,NA
12,12.25,12.5,12.75,13,13.25,13.5,13.75,14,14.25,14.5,14.75,NA,NA,NA,NA,NA,NA,NA,NA,NA,NA,NA,NA,NA,NA,NA,NA,NA,NA,NA,NA,NA,NA,NA,NA
1,1.25,1.5,1.75,2,2.25,2.5,2.75,3,3.25,3.5,3.75,4,4.25,4.5,4.75,5,5.25,5.5,5.75,6,6.25,6.5,6.75,7,7.25,7.5,7.75,8,8.25,8.5,8.75,9,9.25,9.5,9.75
7,7.25,7.5,7.75,8,8.25,8.5,8.75,9,9.25,9.5,9.75,10,10.25,10.5,10.75,11,11.25,11.5,11.75,12,12.25,12.5,12.75,13,13.25,13.5,13.75,14,14.25,14.5,14.75,NA,NA,NA,NA
1,1.25,1.5,1.75,2,2.25,2.5,2.75,3,3.25,3.5,3.75,4,4.25,4.5,4.75,5,5.25,5.5,5.75,6,6.25,6.5,6.75,7,7.25,7.5,7.75,8,8.25,8.5,8.75,NA,NA,NA,NA
1,1.25,1.5,1.75,2,2.25,2.5,2.75,3,3.25,3.5,3.75,4,4.25,4.5,4.75,5,5.25,5.5,5.75,6,6.25,6.5,6.75,7,7.25,7.5,7.75,8,8.25,8.5,8.75,NA,NA,NA,NA
0,0.25,0.5,0.75,1,1.25,1.5,1.75,2,2.25,2.5,2.75,3,3.25,3.5,3.75,4,4.25,4.5,4.75,5,5.25,5.5,5.75,6,6.25,6.5,6.75,7,7.25,7.5,7.75,8,8.25,8.5,8.75
1,1.25,1.5,1.75,2,2.25,2.5,2.75,3,3.25,3.5,3.75,4,4.25,4.5,4.75,5,5.25,5.5,5.75,6,6.25,6.5,6.75,7,7.25,7.5,7.75,8,8.25,8.5,8.75,NA,NA,NA,NA
1,1.25,1.5,1.75,2,2.25,2.5,2.75,3,3.25,3.5,3.75,NA,NA,NA,NA,NA,NA,NA,NA,NA,NA,NA,NA,NA,NA,NA,NA,NA,NA,NA,NA,NA,NA,NA,NA
1,1.25,1.5,1.75,2,2.25,2.5,2.75,3,3.25,3.5,3.75,4,4.25,4.5,4.75,5,5.25,5.5,5.75,6,6.25,6.5,6.75,7,7.25,7.5,7.75,8,8.25,8.5,8.75,NA,NA,NA,NA
0,0.25,0.5,0.75,1,1.25,1.5,1.75,2,2.25,2.5,2.75,3,3.25,3.5,3.75,4,4.25,4.5,4.75,5,5.25,5.5,5.75,6,6.25,6.5,6.75,7,7.25,7.5,7.75,8,8.25,8.5,8.75
1,1.25,1.5,1.75,2,2.25,2.5,2.75,3,3.25,3.5,3.75,4,4.25,4.5,4.75,5,5.25,5.5,5.75,6,6.25,6.5,6.75,7,7.25,7.5,7.75,8,8.25,8.5,8.75,NA,NA,NA,NA
8,8.25,8.5,8.75,9,9.25,9.5,9.75,10,10.25,10.5,10.75,11,11.25,11.5,11.75,12,12.25,12.5,12.75,13,13.25,13.5,13.75,14,14.25,14.5,14.75,15,15.25,15.5,15.75,16,16.25,16.5,16.75
2,2.25,2.5,2.75,3,3.25,3.5,3.75,4,4.25,4.5,4.75,5,5.25,5.5,5.75,6,6.25,6.5,6.75,7,7.25,7.5,7.75,8,8.25,8.5,8.75,9,9.25,9.5,9.75,NA,NA,NA,NA
1,1.25,1.5,1.75,2,2.25,2.5,2.75,3,3.25,3.5,3.75,4,4.25,4.5,4.75,5,5.25,5.5,5.75,6,6.25,6.5,6.75,7,7.25,7.5,7.75,8,8.25,8.5,8.75,9,9.25,9.5,9.75
1,1.25,1.5,1.75,2,2.25,2.5,2.75,3,3.25,3.5,3.75,4,4.25,4.5,4.75,5,5.25,5.5,5.75,6,6.25,6.5,6.75,7,7.25,7.5,7.75,8,8.25,8.5,8.75,9,9.25,9.5,9.75
9,9.25,9.5,9.75,10,10.25,10.5,10.75,11,11.25,11.5,11.75,12,12.25,12.5,12.75,13,13.25,13.5,13.75,14,14.25,14.5,14.75,15,15.25,15.5,15.75,16,16.25,16.5,16.75,NA,NA,NA,NA
1,1.25,1.5,1.75,2,2.25,2.5,2.75,3,3.25,3.5,3.75,4,4.25,4.5,4.75,5,5.25,5.5,5.75,6,6.25,6.5,6.75,7,7.25,7.5,7.75,8,8.25,8.5,8.75,NA,NA,NA,NA
4,4.25,4.5,4.75,5,5.25,5.5,5.75,6,6.25,6.5,6.75,7,7.25,7.5,7.75,8,8.25,8.5,8.75,9,9.25,9.5,9.75,10,10.25,10.5,10.75,NA,NA,NA,NA,NA,NA,NA,NA
2,2.25,2.5,2.75,3,3.25,3.5,3.75,4,4.25,4.5,4.75,5,5.25,5.5,5.75,6,6.25,6.5,6.75,7,7.25,7.5,7.75,8,8.25,8.5,8.75,NA,NA,NA,NA,NA,NA,NA,NA
1,1.25,1.5,1.75,2,2.25,2.5,2.75,3,3.25,3.5,3.75,4,4.25,4.5,4.75,5,5.25,5.5,5.75,6,6.25,6.5,6.75,7,7.25,7.5,7.75,8,8.25,8.5,8.75,NA,NA,NA,NA
2,2.25,2.5,2.75,3,3.25,3.5,3.75,4,4.25,4.5,4.75,5,5.25,5.5,5.75,6,6.25,6.5,6.75,7,7.25,7.5,7.75,8,8.25,8.5,8.75,NA,NA,NA,NA,NA,NA,NA,NA
2,2.25,2.5,2.75,3,3.25,3.5,3.75,4,4.25,4.5,4.75,5,5.25,5.5,5.75,6,6.25,6.5,6.75,7,7.25,7.5,7.75,8,8.25,8.5,8.75,9,9.25,9.5,9.75,10,10.25,10.5,10.75
1,1.25,1.5,1.75,2,2.25,2.5,2.75,3,3.25,3.5,3.75,4,4.25,4.5,4.75,5,5.25,5.5,5.75,6,6.25,6.5,6.75,7,7.25,7.5,7.75,8,8.25,8.5,8.75,9,9.25,9.5,9.75
9,9.25,9.5,9.75,10,10.25,10.5,10.75,11,11.25,11.5,11.75,12,12.25,12.5,12.75,13,13.25,13.5,13.75,14,14.25,14.5,14.75,15,15.25,15.5,15.75,16,16.25,16.5,16.75,NA,NA,NA,NA
1,1.25,1.5,1.75,2,2.25,2.5,2.75,3,3.25,3.5,3.75,4,4.25,4.5,4.75,5,5.25,5.5,5.75,6,6.25,6.5,6.75,7,7.25,7.5,7.75,8,8.25,8.5,8.75,NA,NA,NA,NA
1,1.25,1.5,1.75,2,2.25,2.5,2.75,3,3.25,3.5,3.75,4,4.25,4.5,4.75,5,5.25,5.5,5.75,6,6.25,6.5,6.75,7,7.25,7.5,7.75,8,8.25,8.5,8.75,NA,NA,NA,NA
1,1.25,1.5,1.75,2,2.25,2.5,2.75,3,3.25,3.5,3.75,4,4.25,4.5,4.75,5,5.25,5.5,5.75,6,6.25,6.5,6.75,7,7.25,7.5,7.75,8,8.25,8.5,8.75,NA,NA,NA,NA
1,1.25,1.5,1.75,2,2.25,2.5,2.75,3,3.25,3.5,3.75,4,4.25,4.5,4.75,5,5.25,5.5,5.75,6,6.25,6.5,6.75,7,7.25,7.5,7.75,8,8.25,8.5,8.75,NA,NA,NA,NA
9,9.25,9.5,9.75,10,10.25,10.5,10.75,11,11.25,11.5,11.75,12,12.25,12.5,12.75,13,13.25,13.5,13.75,14,14.25,14.5,14.75,15,15.25,15.5,15.75,16,16.25,16.5,16.75,17,17.25,17.5,17.75
4,4.25,4.5,4.75,5,5.25,5.5,5.75,6,6.25,6.5,6.75,7,7.25,7.5,7.75,8,8.25,8.5,8.75,9,9.25,9.5,9.75,10,10.25,10.5,10.75,11,11.25,11.5,11.75,NA,NA,NA,NA
5,5.25,5.5,5.75,6,6.25,6.5,6.75,7,7.25,7.5,7.75,8,8.25,8.5,8.75,9,9.25,9.5,9.75,10,10.25,10.5,10.75,11,11.25,11.5,11.75,12,12.25,12.5,12.75,NA,NA,NA,NA
0,0.25,0.5,0.75,1,1.25,1.5,1.75,2,2.25,2.5,2.75,3,3.25,3.5,3.75,4,4.25,4.5,4.75,5,5.25,5.5,5.75,6,6.25,6.5,6.75,7,7.25,7.5,7.75,8,8.25,8.5,8.75
1,1.25,1.5,1.75,2,2.25,2.5,2.75,3,3.25,3.5,3.75,4,4.25,4.5,4.75,5,5.25,5.5,5.75,6,6.25,6.5,6.75,7,7.25,7.5,7.75,8,8.25,8.5,8.75,NA,NA,NA,NA
2,2.25,2.5,2.75,3,3.25,3.5,3.75,4,4.25,4.5,4.75,5,5.25,5.5,5.75,6,6.25,6.5,6.75,7,7.25,7.5,7.75,8,8.25,8.5,8.75,NA,NA,NA,NA,NA,NA,NA,NA
2,2.25,2.5,2.75,3,3.25,3.5,3.75,4,4.25,4.5,4.75,5,5.25,5.5,5.75,6,6.25,6.5,6.75,7,7.25,7.5,7.75,8,8.25,8.5,8.75,NA,NA,NA,NA,NA,NA,NA,NA
7,7.25,7.5,7.75,8,8.25,8.5,8.75,9,9.25,9.5,9.75,10,10.25,10.5,10.75,11,11.25,11.5,11.75,12,12.25,12.5,12.75,13,13.25,13.5,13.75,14,14.25,14.5,14.75,NA,NA,NA,NA
8,8.25,8.5,8.75,9,9.25,9.5,9.75,10,10.25,10.5,10.75,11,11.25,11.5,11.75,12,12.25,12.5,12.75,13,13.25,13.5,13.75,14,14.25,14.5,14.75,15,15.25,15.5,15.75,NA,NA,NA,NA
1,1.25,1.5,1.75,2,2.25,2.5,2.75,3,3.25,3.5,3.75,4,4.25,4.5,4.75,NA,NA,NA,NA,NA,NA,NA,NA,NA,NA,NA,NA,NA,NA,NA,NA,NA,NA,NA,NA
8,8.25,8.5,8.75,9,9.25,9.5,9.75,10,10.25,10.5,10.75,11,11.25,11.5,11.75,12,12.25,12.5,12.75,13,13.25,13.5,13.75,14,14.25,14.5,14.75,15,15.25,15.5,15.75,16,16.25,16.5,16.75
2,2.25,2.5,2.75,3,3.25,3.5,3.75,4,4.25,4.5,4.75,5,5.25,5.5,5.75,6,6.25,6.5,6.75,7,7.25,7.5,7.75,8,8.25,8.5,8.75,NA,NA,NA,NA,NA,NA,NA,NA
5,5.25,5.5,5.75,6,6.25,6.5,6.75,7,7.25,7.5,7.75,8,8.25,8.5,8.75,9,9.25,9.5,9.75,10,10.25,10.5,10.75,11,11.25,11.5,11.75,12,12.25,12.5,12.75,NA,NA,NA,NA
1,1.25,1.5,1.75,2,2.25,2.5,2.75,3,3.25,3.5,3.75,4,4.25,4.5,4.75,5,5.25,5.5,5.75,6,6.25,6.5,6.75,7,7.25,7.5,7.75,8,8.25,8.5,8.75,NA,NA,NA,NA
1,1.25,1.5,1.75,2,2.25,2.5,2.75,3,3.25,3.5,3.75,4,4.25,4.5,4.75,5,5.25,5.5,5.75,6,6.25,6.5,6.75,7,7.25,7.5,7.75,8,8.25,8.5,8.75,NA,NA,NA,NA
1,1.25,1.5,1.75,2,2.25,2.5,2.75,3,3.25,3.5,3.75,4,4.25,4.5,4.75,5,5.25,5.5,5.75,6,6.25,6.5,6.75,7,7.25,7.5,7.75,8,8.25,8.5,8.75,NA,NA,NA,NA
7,7.25,7.5,7.75,8,8.25,8.5,8.75,9,9.25,9.5,9.75,10,10.25,10.5,10.75,11,11.25,11.5,11.75,12,12.25,12.5,12.75,13,13.25,13.5,13.75,14,14.25,14.5,14.75,NA,NA,NA,NA
1,1.25,1.5,1.75,2,2.25,2.5,2.75,3,3.25,3.5,3.75,NA,NA,NA,NA,NA,NA,NA,NA,NA,NA,NA,NA,NA,NA,NA,NA,NA,NA,NA,NA,NA,NA,NA,NA
2,2.25,2.5,2.75,3,3.25,3.5,3.75,4,4.25,4.5,4.75,5,5.25,5.5,5.75,6,6.25,6.5,6.75,7,7.25,7.5,7.75,8,8.25,8.5,8.75,9,9.25,9.5,9.75,NA,NA,NA,NA
6,6.25,6.5,6.75,7,7.25,7.5,7.75,8,8.25,8.5,8.75,9,9.25,9.5,9.75,10,10.25,10.5,10.75,11,11.25,11.5,11.75,12,12.25,12.5,12.75,13,13.25,13.5,13.75,14,14.25,14.5,14.75
1,1.25,1.5,1.75,2,2.25,2.5,2.75,3,3.25,3.5,3.75,4,4.25,4.5,4.75,5,5.25,5.5,5.75,6,6.25,6.5,6.75,7,7.25,7.5,7.75,8,8.25,8.5,8.75,NA,NA,NA,NA
3,3.25,3.5,3.75,4,4.25,4.5,4.75,5,5.25,5.5,5.75,6,6.25,6.5,6.75,7,7.25,7.5,7.75,8,8.25,8.5,8.75,9,9.25,9.5,9.75,10,10.25,10.5,10.75,NA,NA,NA,NA
2,2.25,2.5,2.75,3,3.25,3.5,3.75,4,4.25,4.5,4.75,5,5.25,5.5,5.75,6,6.25,6.5,6.75,7,7.25,7.5,7.75,8,8.25,8.5,8.75,9,9.25,9.5,9.75,NA,NA,NA,NA
1,1.25,1.5,1.75,2,2.25,2.5,2.75,3,3.25,3.5,3.75,4,4.25,4.5,4.75,5,5.25,5.5,5.75,6,6.25,6.5,6.75,7,7.25,7.5,7.75,8,8.25,8.5,8.75,NA,NA,NA,NA
2,2.25,2.5,2.75,3,3.25,3.5,3.75,4,4.25,4.5,4.75,5,5.25,5.5,5.75,6,6.25,6.5,6.75,7,7.25,7.5,7.75,8,8.25,8.5,8.75,9,9.25,9.5,9.75,10,10.25,10.5,10.75
10,10.25,10.5,10.75,11,11.25,11.5,11.75,12,12.25,12.5,12.75,13,13.25,13.5,13.75,14,14.25,14.5,14.75,15,15.25,15.5,15.75,16,16.25,16.5,16.75,17,17.25,17.5,17.75,NA,NA,NA,NA
6,6.25,6.5,6.75,7,7.25,7.5,7.75,8,8.25,8.5,8.75,9,9.25,9.5,9.75,10,10.25,10.5,10.75,11,11.25,11.5,11.75,12,12.25,12.5,12.75,13,13.25,13.5,13.75,NA,NA,NA,NA
1,1.25,1.5,1.75,2,2.25,2.5,2.75,3,3.25,3.5,3.75,4,4.25,4.5,4.75,5,5.25,5.5,5.75,NA,NA,NA,NA,NA,NA,NA,NA,NA,NA,NA,NA,NA,NA,NA,NA
5,5.25,5.5,5.75,6,6.25,6.5,6.75,7,7.25,7.5,7.75,8,8.25,8.5,8.75,9,9.25,9.5,9.75,10,10.25,10.5,10.75,NA,NA,NA,NA,NA,NA,NA,NA,NA,NA,NA,NA
2,2.25,2.5,2.75,3,3.25,3.5,3.75,4,4.25,4.5,4.75,5,5.25,5.5,5.75,6,6.25,6.5,6.75,7,7.25,7.5,7.75,8,8.25,8.5,8.75,9,9.25,9.5,9.75,NA,NA,NA,NA
1,1.25,1.5,1.75,2,2.25,2.5,2.75,3,3.25,3.5,3.75,4,4.25,4.5,4.75,5,5.25,5.5,5.75,6,6.25,6.5,6.75,7,7.25,7.5,7.75,8,8.25,8.5,8.75,NA,NA,NA,NA
3,3.25,3.5,3.75,4,4.25,4.5,4.75,5,5.25,5.5,5.75,6,6.25,6.5,6.75,7,7.25,7.5,7.75,8,8.25,8.5,8.75,9,9.25,9.5,9.75,10,10.25,10.5,10.75,NA,NA,NA,NA
0,0.25,0.5,0.75,1,1.25,1.5,1.75,2,2.25,2.5,2.75,3,3.25,3.5,3.75,4,4.25,4.5,4.75,5,5.25,5.5,5.75,6,6.25,6.5,6.75,7,7.25,7.5,7.75,8,8.25,8.5,8.75
9,9.25,9.5,9.75,10,10.25,10.5,10.75,11,11.25,11.5,11.75,12,12.25,12.5,12.75,13,13.25,13.5,13.75,14,14.25,14.5,14.75,15,15.25,15.5,15.75,16,16.25,16.5,16.75,17,17.25,17.5,17.75
12,12.25,12.5,12.75,13,13.25,13.5,13.75,14,14.25,14.5,14.75,15,15.25,15.5,15.75,16,16.25,16.5,16.75,17,17.25,17.5,17.75,NA,NA,NA,NA,NA,NA,NA,NA,NA,NA,NA,NA
3,3.25,3.5,3.75,4,4.25,4.5,4.75,5,5.25,5.5,5.75,6,6.25,6.5,6.75,7,7.25,7.5,7.75,8,8.25,8.5,8.75,9,9.25,9.5,9.75,NA,NA,NA,NA,NA,NA,NA,NA
1,1.25,1.5,1.75,2,2.25,2.5,2.75,3,3.25,3.5,3.75,4,4.25,4.5,4.75,5,5.25,5.5,5.75,6,6.25,6.5,6.75,7,7.25,7.5,7.75,8,8.25,8.5,8.75,9,9.25,9.5,9.75
7,7.25,7.5,7.75,8,8.25,8.5,8.75,9,9.25,9.5,9.75,10,10.25,10.5,10.75,11,11.25,11.5,11.75,12,12.25,12.5,12.75,NA,NA,NA,NA,NA,NA,NA,NA,NA,NA,NA,NA
2,2.25,2.5,2.75,3,3.25,3.5,3.75,4,4.25,4.5,4.75,NA,NA,NA,NA,NA,NA,NA,NA,NA,NA,NA,NA,NA,NA,NA,NA,NA,NA,NA,NA,NA,NA,NA,NA
4,4.25,4.5,4.75,5,5.25,5.5,5.75,6,6.25,6.5,6.75,7,7.25,7.5,7.75,8,8.25,8.5,8.75,9,9.25,9.5,9.75,10,10.25,10.5,10.75,11,11.25,11.5,11.75,NA,NA,NA,NA
3,3.25,3.5,3.75,4,4.25,4.5,4.75,5,5.25,5.5,5.75,6,6.25,6.5,6.75,NA,NA,NA,NA,NA,NA,NA,NA,NA,NA,NA,NA,NA,NA,NA,NA,NA,NA,NA,NA
4,4.25,4.5,4.75,5,5.25,5.5,5.75,6,6.25,6.5,6.75,7,7.25,7.5,7.75,8,8.25,8.5,8.75,9,9.25,9.5,9.75,10,10.25,10.5,10.75,11,11.25,11.5,11.75,NA,NA,NA,NA
3,3.25,3.5,3.75,4,4.25,4.5,4.75,5,5.25,5.5,5.75,6,6.25,6.5,6.75,7,7.25,7.5,7.75,8,8.25,8.5,8.75,9,9.25,9.5,9.75,10,10.25,10.5,10.75,NA,NA,NA,NA
8,8.25,8.5,8.75,9,9.25,9.5,9.75,10,10.25,10.5,10.75,11,11.25,11.5,11.75,12,12.25,12.5,12.75,13,13.25,13.5,13.75,14,14.25,14.5,14.75,15,15.25,15.5,15.75,16,16.25,16.5,16.75
2,2.25,2.5,2.75,3,3.25,3.5,3.75,4,4.25,4.5,4.75,5,5.25,5.5,5.75,6,6.25,6.5,6.75,7,7.25,7.5,7.75,8,8.25,8.5,8.75,9,9.25,9.5,9.75,NA,NA,NA,NA
9,9.25,9.5,9.75,10,10.25,10.5,10.75,11,11.25,11.5,11.75,12,12.25,12.5,12.75,13,13.25,13.5,13.75,14,14.25,14.5,14.75,15,15.25,15.5,15.75,16,16.25,16.5,16.75,NA,NA,NA,NA
2,2.25,2.5,2.75,3,3.25,3.5,3.75,4,4.25,4.5,4.75,5,5.25,5.5,5.75,6,6.25,6.5,6.75,7,7.25,7.5,7.75,8,8.25,8.5,8.75,NA,NA,NA,NA,NA,NA,NA,NA
1,1.25,1.5,1.75,2,2.25,2.5,2.75,3,3.25,3.5,3.75,4,4.25,4.5,4.75,5,5.25,5.5,5.75,6,6.25,6.5,6.75,7,7.25,7.5,7.75,8,8.25,8.5,8.75,NA,NA,NA,NA
1,1.25,1.5,1.75,2,2.25,2.5,2.75,3,3.25,3.5,3.75,4,4.25,4.5,4.75,NA,NA,NA,NA,NA,NA,NA,NA,NA,NA,NA,NA,NA,NA,NA,NA,NA,NA,NA,NA
3,3.25,3.5,3.75,4,4.25,4.5,4.75,5,5.25,5.5,5.75,6,6.25,6.5,6.75,7,7.25,7.5,7.75,8,8.25,8.5,8.75,9,9.25,9.5,9.75,10,10.25,10.5,10.75,NA,NA,NA,NA
0,0.25,0.5,0.75,1,1.25,1.5,1.75,2,2.25,2.5,2.75,3,3.25,3.5,3.75,4,4.25,4.5,4.75,5,5.25,5.5,5.75,6,6.25,6.5,6.75,7,7.25,7.5,7.75,8,8.25,8.5,8.75
3,3.25,3.5,3.75,4,4.25,4.5,4.75,5,5.25,5.5,5.75,6,6.25,6.5,6.75,7,7.25,7.5,7.75,8,8.25,8.5,8.75,NA,NA,NA,NA,NA,NA,NA,NA,NA,NA,NA,NA
9,9.25,9.5,9.75,10,10.25,10.5,10.75,11,11.25,11.5,11.75,NA,NA,NA,NA,NA,NA,NA,NA,NA,NA,NA,NA,NA,NA,NA,NA,NA,NA,NA,NA,NA,NA,NA,NA
3,3.25,3.5,3.75,4,4.25,4.5,4.75,NA,NA,NA,NA,NA,NA,NA,NA,NA,NA,NA,NA,NA,NA,NA,NA,NA,NA,NA,NA,NA,NA,NA,NA,NA,NA,NA,NA
1,1.25,1.5,1.75,2,2.25,2.5,2.75,3,3.25,3.5,3.75,4,4.25,4.5,4.75,5,5.25,5.5,5.75,6,6.25,6.5,6.75,7,7.25,7.5,7.75,8,8.25,8.5,8.75,9,9.25,9.5,9.75
4,4.25,4.5,4.75,5,5.25,5.5,5.75,6,6.25,6.5,6.75,7,7.25,7.5,7.75,8,8.25,8.5,8.75,9,9.25,9.5,9.75,NA,NA,NA,NA,NA,NA,NA,NA,NA,NA,NA,NA
2,2.25,2.5,2.75,3,3.25,3.5,3.75,4,4.25,4.5,4.75,5,5.25,5.5,5.75,6,6.25,6.5,6.75,7,7.25,7.5,7.75,8,8.25,8.5,8.75,9,9.25,9.5,9.75,NA,NA,NA,NA
1,1.25,1.5,1.75,2,2.25,2.5,2.75,3,3.25,3.5,3.75,4,4.25,4.5,4.75,5,5.25,5.5,5.75,6,6.25,6.5,6.75,7,7.25,7.5,7.75,8,8.25,8.5,8.75,NA,NA,NA,NA
2,2.25,2.5,2.75,3,3.25,3.5,3.75,4,4.25,4.5,4.75,5,5.25,5.5,5.75,6,6.25,6.5,6.75,7,7.25,7.5,7.75,8,8.25,8.5,8.75,NA,NA,NA,NA,NA,NA,NA,NA
1,1.25,1.5,1.75,2,2.25,2.5,2.75,3,3.25,3.5,3.75,4,4.25,4.5,4.75,5,5.25,5.5,5.75,6,6.25,6.5,6.75,7,7.25,7.5,7.75,8,8.25,8.5,8.75,NA,NA,NA,NA
1,1.25,1.5,1.75,2,2.25,2.5,2.75,3,3.25,3.5,3.75,4,4.25,4.5,4.75,5,5.25,5.5,5.75,6,6.25,6.5,6.75,7,7.25,7.5,7.75,8,8.25,8.5,8.75,NA,NA,NA,NA
1,1.25,1.5,1.75,2,2.25,2.5,2.75,3,3.25,3.5,3.75,4,4.25,4.5,4.75,5,5.25,5.5,5.75,6,6.25,6.5,6.75,7,7.25,7.5,7.75,8,8.25,8.5,8.75,NA,NA,NA,NA
1,1.25,1.5,1.75,2,2.25,2.5,2.75,3,3.25,3.5,3.75,4,4.25,4.5,4.75,5,5.25,5.5,5.75,6,6.25,6.5,6.75,7,7.25,7.5,7.75,8,8.25,8.5,8.75,NA,NA,NA,NA
1,1.25,1.5,1.75,2,2.25,2.5,2.75,NA,NA,NA,NA,NA,NA,NA,NA,NA,NA,NA,NA,NA,NA,NA,NA,NA,NA,NA,NA,NA,NA,NA,NA,NA,NA,NA,NA
10,10.25,10.5,10.75,11,11.25,11.5,11.75,12,12.25,12.5,12.75,13,13.25,13.5,13.75,14,14.25,14.5,14.75,15,15.25,15.5,15.75,16,16.25,16.5,16.75,NA,NA,NA,NA,NA,NA,NA,NA
6,6.25,6.5,6.75,7,7.25,7.5,7.75,8,8.25,8.5,8.75,9,9.25,9.5,9.75,10,10.25,10.5,10.75,11,11.25,11.5,11.75,12,12.25,12.5,12.75,13,13.25,13.5,13.75,NA,NA,NA,NA
3,3.25,3.5,3.75,4,4.25,4.5,4.75,5,5.25,5.5,5.75,6,6.25,6.5,6.75,7,7.25,7.5,7.75,8,8.25,8.5,8.75,NA,NA,NA,NA,NA,NA,NA,NA,NA,NA,NA,NA
2,2.25,2.5,2.75,3,3.25,3.5,3.75,4,4.25,4.5,4.75,NA,NA,NA,NA,NA,NA,NA,NA,NA,NA,NA,NA,NA,NA,NA,NA,NA,NA,NA,NA,NA,NA,NA,NA
4,4.25,4.5,4.75,5,5.25,5.5,5.75,6,6.25,6.5,6.75,7,7.25,7.5,7.75,8,8.25,8.5,8.75,9,9.25,9.5,9.75,10,10.25,10.5,10.75,11,11.25,11.5,11.75,NA,NA,NA,NA
1,1.25,1.5,1.75,2,2.25,2.5,2.75,3,3.25,3.5,3.75,4,4.25,4.5,4.75,5,5.25,5.5,5.75,6,6.25,6.5,6.75,7,7.25,7.5,7.75,8,8.25,8.5,8.75,NA,NA,NA,NA
2,2.25,2.5,2.75,3,3.25,3.5,3.75,4,4.25,4.5,4.75,5,5.25,5.5,5.75,6,6.25,6.5,6.75,7,7.25,7.5,7.75,8,8.25,8.5,8.75,9,9.25,9.5,9.75,NA,NA,NA,NA
3,3.25,3.5,3.75,4,4.25,4.5,4.75,5,5.25,5.5,5.75,6,6.25,6.5,6.75,7,7.25,7.5,7.75,8,8.25,8.5,8.75,9,9.25,9.5,9.75,10,10.25,10.5,10.75,11,11.25,11.5,11.75
1,1.25,1.5,1.75,2,2.25,2.5,2.75,3,3.25,3.5,3.75,4,4.25,4.5,4.75,5,5.25,5.5,5.75,6,6.25,6.5,6.75,7,7.25,7.5,7.75,8,8.25,8.5,8.75,NA,NA,NA,NA
1,1.25,1.5,1.75,2,2.25,2.5,2.75,3,3.25,3.5,3.75,4,4.25,4.5,4.75,5,5.25,5.5,5.75,6,6.25,6.5,6.75,7,7.25,7.5,7.75,8,8.25,8.5,8.75,NA,NA,NA,NA
0,0.25,0.5,0.75,1,1.25,1.5,1.75,2,2.25,2.5,2.75,3,3.25,3.5,3.75,4,4.25,4.5,4.75,5,5.25,5.5,5.75,6,6.25,6.5,6.75,7,7.25,7.5,7.75,8,8.25,8.5,8.75
1,1.25,1.5,1.75,2,2.25,2.5,2.75,3,3.25,3.5,3.75,4,4.25,4.5,4.75,5,5.25,5.5,5.75,6,6.25,6.5,6.75,7,7.25,7.5,7.75,8,8.25,8.5,8.75,NA,NA,NA,NA
1,1.25,1.5,1.75,2,2.25,2.5,2.75,3,3.25,3.5,3.75,4,4.25,4.5,4.75,5,5.25,5.5,5.75,6,6.25,6.5,6.75,7,7.25,7.5,7.75,8,8.25,8.5,8.75,9,9.25,9.5,9.75
5,5.25,5.5,5.75,6,6.25,6.5,6.75,7,7.25,7.5,7.75,8,8.25,8.5,8.75,NA,NA,NA,NA,NA,NA,NA,NA,NA,NA,NA,NA,NA,NA,NA,NA,NA,NA,NA,NA
4,4.25,4.5,4.75,5,5.25,5.5,5.75,6,6.25,6.5,6.75,7,7.25,7.5,7.75,8,8.25,8.5,8.75,9,9.25,9.5,9.75,10,10.25,10.5,10.75,11,11.25,11.5,11.75,12,12.25,12.5,12.75
3,3.25,3.5,3.75,4,4.25,4.5,4.75,5,5.25,5.5,5.75,6,6.25,6.5,6.75,7,7.25,7.5,7.75,8,8.25,8.5,8.75,9,9.25,9.5,9.75,10,10.25,10.5,10.75,NA,NA,NA,NA
6,6.25,6.5,6.75,7,7.25,7.5,7.75,8,8.25,8.5,8.75,9,9.25,9.5,9.75,10,10.25,10.5,10.75,11,11.25,11.5,11.75,12,12.25,12.5,12.75,13,13.25,13.5,13.75,NA,NA,NA,NA
1,1.25,1.5,1.75,2,2.25,2.5,2.75,3,3.25,3.5,3.75,4,4.25,4.5,4.75,5,5.25,5.5,5.75,6,6.25,6.5,6.75,7,7.25,7.5,7.75,8,8.25,8.5,8.75,NA,NA,NA,NA
5,5.25,5.5,5.75,6,6.25,6.5,6.75,7,7.25,7.5,7.75,8,8.25,8.5,8.75,9,9.25,9.5,9.75,10,10.25,10.5,10.75,11,11.25,11.5,11.75,12,12.25,12.5,12.75,NA,NA,NA,NA
12,12.25,12.5,12.75,13,13.25,13.5,13.75,14,14.25,14.5,14.75,15,15.25,15.5,15.75,16,16.25,16.5,16.75,17,17.25,17.5,17.75,18,18.25,18.5,18.75,NA,NA,NA,NA,NA,NA,NA,NA
0,0.25,0.5,0.75,1,1.25,1.5,1.75,2,2.25,2.5,2.75,3,3.25,3.5,3.75,4,4.25,4.5,4.75,5,5.25,5.5,5.75,6,6.25,6.5,6.75,7,7.25,7.5,7.75,8,8.25,8.5,8.75
2,2.25,2.5,2.75,3,3.25,3.5,3.75,4,4.25,4.5,4.75,5,5.25,5.5,5.75,6,6.25,6.5,6.75,7,7.25,7.5,7.75,8,8.25,8.5,8.75,NA,NA,NA,NA,NA,NA,NA,NA
2,2.25,2.5,2.75,3,3.25,3.5,3.75,4,4.25,4.5,4.75,5,5.25,5.5,5.75,6,6.25,6.5,6.75,7,7.25,7.5,7.75,8,8.25,8.5,8.75,NA,NA,NA,NA,NA,NA,NA,NA
1,1.25,1.5,1.75,2,2.25,2.5,2.75,3,3.25,3.5,3.75,4,4.25,4.5,4.75,5,5.25,5.5,5.75,6,6.25,6.5,6.75,7,7.25,7.5,7.75,8,8.25,8.5,8.75,NA,NA,NA,NA
1,1.25,1.5,1.75,2,2.25,2.5,2.75,3,3.25,3.5,3.75,4,4.25,4.5,4.75,5,5.25,5.5,5.75,6,6.25,6.5,6.75,7,7.25,7.5,7.75,8,8.25,8.5,8.75,NA,NA,NA,NA
0,0.25,0.5,0.75,1,1.25,1.5,1.75,2,2.25,2.5,2.75,3,3.25,3.5,3.75,4,4.25,4.5,4.75,5,5.25,5.5,5.75,6,6.25,6.5,6.75,7,7.25,7.5,7.75,8,8.25,8.5,8.75
